	Parametric p-value	FDR	Geom mean of intensities in class 1	Geom mean of intensities in class 2	Fold-change	ProbeSet	Annotations	Symbol	Name
1	< 1e-07	< 1e-07	693.4	5194.89	0.13	1436263_at	Info	Mobp	myelin-associated oligodendrocytic basic protein
2	< 1e-07	< 1e-07	657.52	5328.8	0.12	1433785_at	Info	Mobp	myelin-associated oligodendrocytic basic protein
3	< 1e-07	< 1e-07	194.65	1620.29	0.12	1450088_a_at	Info	Mobp	myelin-associated oligodendrocytic basic protein
4	< 1e-07	< 1e-07	274.01	2375.41	0.12	1421010_at	Info	Mobp	myelin-associated oligodendrocytic basic protein
5	< 1e-07	< 1e-07	254.41	21.81	11.66	1429647_at	Info	1700027L20Rik	RIKEN cDNA 1700027L20 gene
6	< 1e-07	< 1e-07	264.11	1203.32	0.22	1436991_x_at	Info	Gsn	gelsolin
7	< 1e-07	< 1e-07	1659.73	9579.59	0.17	1425467_a_at	Info	Plp1	proteolipid protein (myelin) 1
8	< 1e-07	< 1e-07	298.69	1317.31	0.23	1437171_x_at	Info	Gsn	gelsolin
9	< 1e-07	< 1e-07	511.44	2859.07	0.18	1460219_at	Info	Mag	myelin-associated glycoprotein
10	< 1e-07	< 1e-07	624.63	2524.93	0.25	1456312_x_at	Info	Gsn	gelsolin
11	< 1e-07	< 1e-07	255	1233.03	0.21	1426960_a_at	Info	Fa2h	fatty acid 2-hydroxylase
12	< 1e-07	< 1e-07	1479.73	8863.68	0.17	1451961_a_at	Info	Mbp	myelin basic protein
13	< 1e-07	< 1e-07	56.35	567.52	0.099	1436578_at	Info	Ermn	ermin, ERM-like protein
14	< 1e-07	< 1e-07	59.22	413.5	0.14	1436974_at	Info	A230069A22Rik	RIKEN cDNA A230069A22 gene
15	< 1e-07	< 1e-07	3831.58	14892.14	0.26	1425468_at	Info	Plp1	proteolipid protein (myelin) 1
16	< 1e-07	< 1e-07	82.3	344.63	0.24	1424098_at	Info	Elovl7	ELOVL family member 7, elongation of long chain fatty acids (yeast)
17	< 1e-07	< 1e-07	38.49	273.12	0.14	1445656_at	Info	NA	NA
18	< 1e-07	< 1e-07	221.67	1319.22	0.17	1442075_at	Info	AI314604	expressed sequence AI314604
19	< 1e-07	< 1e-07	798.92	4600.46	0.17	1419063_at	Info	Ugt8a	UDP galactosyltransferase 8A
20	< 1e-07	< 1e-07	290.59	1076.03	0.27	1433983_at	Info	Cnksr3	Cnksr family member 3
21	< 1e-07	< 1e-07	435.91	1780.77	0.24	1415812_at	Info	Gsn	gelsolin
22	< 1e-07	< 1e-07	253.07	1577.37	0.16	1416003_at	Info	Cldn11	claudin 11
23	< 1e-07	< 1e-07	44.26	486.91	0.091	1448768_at	Info	Mog	myelin oligodendrocyte glycoprotein
24	< 1e-07	< 1e-07	107.9	657.98	0.16	1452595_at	Info	Adamts4	a disintegrin-like and metallopeptidase (reprolysin type) with thrombospondin type 1 motif, 4
25	< 1e-07	< 1e-07	259.26	1520.42	0.17	1425546_a_at	Info	Trf	transferrin
26	< 1e-07	< 1e-07	1537.14	4361.06	0.35	1423507_a_at	Info	Sirt2	sirtuin 2 (silent mating type information regulation 2, homolog) 2 (S. cerevisiae)
27	< 1e-07	< 1e-07	195.46	888.58	0.22	1438785_at	Info	Enpp6	ectonucleotide pyrophosphatase/phosphodiesterase 6
28	< 1e-07	< 1e-07	6256.71	20320.78	0.31	1436201_x_at	Info	Mbp	myelin basic protein
29	< 1e-07	< 1e-07	1255.6	4628.8	0.27	1418980_a_at	Info	Cnp	2',3'-cyclic nucleotide 3' phosphodiesterase
30	< 1e-07	< 1e-07	54.39	339.95	0.16	1440902_at	Info	Ermn	ermin, ERM-like protein
31	< 1e-07	< 1e-07	54.49	159.81	0.34	1449151_at	Info	Pctk3	PCTAIRE-motif protein kinase 3
32	< 1e-07	< 1e-07	16.28	96.02	0.17	1441909_s_at	Info	9530066K23Rik	RIKEN cDNA 9530066K23 gene
33	< 1e-07	< 1e-07	615.16	1967.68	0.31	1449296_a_at	Info	Cnp	2',3'-cyclic nucleotide 3' phosphodiesterase
34	< 1e-07	< 1e-07	564.13	2868.18	0.2	1417275_at	Info	Mal	myelin and lymphocyte protein, T-cell differentiation protein
35	< 1e-07	< 1e-07	6798.71	17877.07	0.38	1456228_x_at	Info	Mbp	myelin basic protein
36	< 1e-07	< 1e-07	167.88	614.59	0.27	1440813_s_at	Info	Plxnb3	plexin B3
37	< 1e-07	< 1e-07	7092.21	19254.53	0.37	1454651_x_at	Info	Mbp	myelin basic protein
38	< 1e-07	< 1e-07	1066.57	2937.77	0.36	1436205_at	Info	NA	NA
39	< 1e-07	< 1e-07	36.67	122.62	0.3	1420963_at	Info	Hapln2	hyaluronan and proteoglycan link protein 2
40	< 1e-07	< 1e-07	98.33	309.78	0.32	1429284_at	Info	Mobkl2b	MOB1, Mps One Binder kinase activator-like 2B (yeast)
41	< 1e-07	< 1e-07	207.42	774.36	0.27	1434596_at	Info	NA	NA
42	< 1e-07	< 1e-07	114.52	705.28	0.16	1444071_at	Info	9630013A20Rik	RIKEN cDNA 9630013A20 gene
43	< 1e-07	< 1e-07	42.52	174.37	0.24	1436090_at	Info	Enpp6	ectonucleotide pyrophosphatase/phosphodiesterase 6
44	< 1e-07	< 1e-07	73.57	381.71	0.19	1434094_at	Info	Tmem125	transmembrane protein 125
45	< 1e-07	< 1e-07	103.61	437.03	0.24	1423946_at	Info	Pdlim2	PDZ and LIM domain 2
46	< 1e-07	< 1e-07	122.17	436.84	0.28	1459747_at	Info	NA	NA
47	< 1e-07	< 1e-07	67.89	214.44	0.32	1448558_a_at	Info	Pla2g4a	phospholipase A2, group IVA (cytosolic, calcium-dependent)
48	< 1e-07	< 1e-07	53.74	247.98	0.22	1455965_at	Info	Adamts4	a disintegrin-like and metallopeptidase (reprolysin type) with thrombospondin type 1 motif, 4
49	< 1e-07	< 1e-07	231.91	825.06	0.28	1439506_at	Info	Gm98	gene model 98, (NCBI)
50	< 1e-07	< 1e-07	90.62	240.01	0.38	1460587_at	Info	B230215L15Rik	RIKEN cDNA B230215L15 gene
51	< 1e-07	< 1e-07	1270.45	3790.08	0.34	1428792_at	Info	Bcas1	breast carcinoma amplified sequence 1
52	< 1e-07	< 1e-07	5966.82	15444.85	0.39	1437341_x_at	Info	Cnp	2',3'-cyclic nucleotide 3' phosphodiesterase
53	< 1e-07	< 1e-07	37.92	120.23	0.32	1448982_at	Info	Klk6	kallikrein related-peptidase 6
54	< 1e-07	< 1e-07	6472.78	16912.5	0.38	1419646_a_at	Info	Mbp	myelin basic protein
55	< 1e-07	< 1e-07	61.3	353.11	0.17	1419064_a_at	Info	Ugt8a	UDP galactosyltransferase 8A
56	< 1e-07	< 1e-07	112.41	277.34	0.41	1454901_at	Info	Ypel2	yippee-like 2 (Drosophila)
57	< 1e-07	< 1e-07	60.89	202.61	0.3	1418739_at	Info	Sgk2	serum/glucocorticoid regulated kinase 2
58	< 1e-07	< 1e-07	26.75	139.12	0.19	1440354_at	Info	Elovl7	ELOVL family member 7, elongation of long chain fatty acids (yeast)
59	< 1e-07	< 1e-07	698.67	1913.15	0.37	1419027_s_at	Info	Gltp	glycolipid transfer protein
60	< 1e-07	< 1e-07	67.54	163.46	0.41	1426663_s_at	Info	Slc45a3	solute carrier family 45, member 3
61	< 1e-07	< 1e-07	249.55	627.78	0.4	1454857_at	Info	Rnf122	ring finger protein 122
62	< 1e-07	< 1e-07	68	178.87	0.38	1422492_at	Info	Cpox	coproporphyrinogen oxidase
63	< 1e-07	< 1e-07	347.7	799.77	0.43	1434277_a_at	Info	Ypel2	yippee-like 2 (Drosophila)
64	< 1e-07	< 1e-07	102.25	216.52	0.47	1429139_at	Info	Otud7b	OTU domain containing 7B
65	< 1e-07	< 1e-07	269.68	935.63	0.29	1448945_at	Info	Pllp	plasma membrane proteolipid
66	< 1e-07	< 1e-07	125.84	338.51	0.37	1441337_at	Info	NA	NA
67	< 1e-07	< 1e-07	23.44	64.11	0.37	1435119_at	Info	NA	NA
68	1e-07	5.07e-05	56.09	206.22	0.27	1438044_at	Info	1700047M11Rik	RIKEN cDNA 1700047M11 gene
69	1e-07	5.07e-05	139.8	373.32	0.37	1450744_at	Info	Ell2	elongation factor RNA polymerase II 2
70	1e-07	5.07e-05	17.06	77.8	0.22	1420962_at	Info	Hapln2	hyaluronan and proteoglycan link protein 2
71	1e-07	5.07e-05	257.99	635.2	0.41	1448606_at	Info	Lpar1	lysophosphatidic acid receptor 1
72	1e-07	5.07e-05	241.08	829.61	0.29	1432558_a_at	Info	Mal	myelin and lymphocyte protein, T-cell differentiation protein
73	1e-07	5.07e-05	989.67	222.48	4.45	1429506_at	Info	Nkd1	naked cuticle 1 homolog (Drosophila)
74	1e-07	5.07e-05	54.1	152.53	0.35	1441091_at	Info	Elovl7	ELOVL family member 7, elongation of long chain fatty acids (yeast)
75	1e-07	5.07e-05	53.58	264.87	0.2	1442517_a_at	Info	9630013A20Rik	RIKEN cDNA 9630013A20 gene
76	1e-07	5.07e-05	465.93	109.55	4.25	1451857_a_at	Info	Notum	notum pectinacetylesterase homolog (Drosophila)
77	1e-07	5.07e-05	192.52	424.04	0.45	1424408_at	Info	Lims2	LIM and senescent cell antigen like domains 2
78	1e-07	5.07e-05	124.32	17.5	7.1	1425425_a_at	Info	Wif1	Wnt inhibitory factor 1
79	1e-07	5.07e-05	164.07	504.66	0.33	1418750_at	Info	Plxnb3	plexin B3
80	1e-07	5.07e-05	16.52	129.27	0.13	1439785_at	Info	9630013A20Rik	RIKEN cDNA 9630013A20 gene
81	1e-07	5.07e-05	127.31	491.65	0.26	1441891_x_at	Info	Elovl7	ELOVL family member 7, elongation of long chain fatty acids (yeast)
82	1e-07	5.07e-05	53.5	141.04	0.38	1440312_at	Info	Elovl7	ELOVL family member 7, elongation of long chain fatty acids (yeast)
83	1e-07	5.07e-05	457.91	952.53	0.48	1451689_a_at	Info	Sox10	SRY-box containing gene 10
84	1e-07	5.07e-05	147.7	315.48	0.47	1459357_at	Info	Nfasc	neurofascin
85	1e-07	5.07e-05	396.88	124.08	3.2	1456481_at	Info	D9Ertd280e	DNA segment, Chr 9, ERATO Doi 280, expressed
86	1e-07	5.07e-05	4133.99	10580.69	0.39	1451718_at	Info	Plp1	proteolipid protein (myelin) 1
87	1e-07	5.07e-05	200.99	33.14	6.06	1442769_at	Info	8030451F13Rik	RIKEN cDNA 8030451F13 gene
88	1e-07	5.07e-05	295.97	668.5	0.44	1416892_s_at	Info	3110001A13Rik	RIKEN cDNA 3110001A13 gene
89	1e-07	5.07e-05	570.06	1319.52	0.43	1424567_at	Info	Tspan2	tetraspanin 2
90	2e-07	9.3e-05	147.41	58.64	2.51	1440446_at	Info	NA	NA
91	2e-07	9.3e-05	187.12	408.75	0.46	1432848_a_at	Info	Frmd8	FERM domain containing 8
92	2e-07	9.3e-05	134.81	298.5	0.45	1450241_a_at	Info	Evi2a	ecotropic viral integration site 2a
93	2e-07	9.3e-05	323.81	147.05	2.2	1448710_at	Info	Cxcr4	chemokine (C-X-C motif) receptor 4
94	2e-07	9.3e-05	150.38	580.16	0.26	1424097_at	Info	Elovl7	ELOVL family member 7, elongation of long chain fatty acids (yeast)
95	2e-07	9.3e-05	428.47	929.1	0.46	1452766_at	Info	Tppp	tubulin polymerization promoting protein
96	2e-07	9.3e-05	757.84	1547.07	0.49	1424568_at	Info	Tspan2	tetraspanin 2
97	2e-07	9.3e-05	233.48	428.43	0.54	1420824_at	Info	Sema4d	sema domain, immunoglobulin domain (Ig), transmembrane domain (TM) and short cytoplasmic domain, (semaphorin) 4D
98	3e-07	0.00013	165.86	447.11	0.37	1447806_s_at	Info	Srpk3	serine/arginine-rich protein specific kinase 3
99	3e-07	0.00013	157.99	465.47	0.34	1426215_at	Info	Ddc	dopa decarboxylase
100	3e-07	0.00013	144.9	342.72	0.42	1422493_at	Info	Cpox	coproporphyrinogen oxidase
101	3e-07	0.00013	43.69	88.66	0.49	1418798_s_at	Info	Srpk3	serine/arginine-rich protein specific kinase 3
102	3e-07	0.00013	477.01	230.13	2.07	1436845_at	Info	Axin2	axin2
103	3e-07	0.00013	313.79	586.2	0.54	1416232_at	Info	Olig2	oligodendrocyte transcription factor 2
104	3e-07	0.00013	511.48	980.1	0.52	1433645_at	Info	Slc44a1	solute carrier family 44, member 1
105	4e-07	0.000167	74.63	140.04	0.53	1435125_at	Info	NA	NA
106	4e-07	0.000167	72.77	28.51	2.55	1422914_at	Info	Sp5	trans-acting transcription factor 5
107	4e-07	0.000167	390.11	828.33	0.47	1423865_at	Info	Slc44a1	solute carrier family 44, member 1
108	4e-07	0.000167	356.14	655.18	0.54	1417398_at	Info	Rras2	related RAS viral (r-ras) oncogene homolog 2
109	5e-07	2e-04	130.4	269.54	0.48	1452302_at	Info	Arhgef10	Rho guanine nucleotide exchange factor (GEF) 10
110	5e-07	2e-04	317.36	659.88	0.48	1424133_at	Info	Tmem98	transmembrane protein 98
111	5e-07	2e-04	127.29	321.87	0.4	1417143_at	Info	Lpar1	lysophosphatidic acid receptor 1
112	5e-07	2e-04	48.57	88	0.55	1441308_at	Info	Mobp	myelin-associated oligodendrocytic basic protein
113	5e-07	2e-04	36.08	71.84	0.5	1437846_x_at	Info	Bace2	beta-site APP-cleaving enzyme 2
114	6e-07	0.000226	478.2	1272.29	0.38	1456833_at	Info	Gpr17	G protein-coupled receptor 17
115	6e-07	0.000226	251.11	476.07	0.53	1436148_at	Info	NA	NA
116	6e-07	0.000226	47.22	118.01	0.4	1450483_at	Info	Gjc2	gap junction protein, gamma 2
117	6e-07	0.000226	114.43	225.6	0.51	1433543_at	Info	Anln	anillin, actin binding protein
118	6e-07	0.000226	263.62	527.45	0.5	1424711_at	Info	Tmem2	transmembrane protein 2
119	6e-07	0.000226	13.89	39.98	0.35	1435629_at	Info	NA	NA
120	6e-07	0.000226	218.71	407.82	0.54	1433630_at	Info	Map6d1	MAP6 domain containing 1
121	7e-07	0.000259	1802.16	3246.72	0.56	1423221_at	Info	Tubb4	tubulin, beta 4
122	7e-07	0.000259	119.14	259.04	0.46	1416673_at	Info	Bace2	beta-site APP-cleaving enzyme 2
123	8e-07	0.000291	1993.88	3645.46	0.55	1448136_at	Info	Enpp2	ectonucleotide pyrophosphatase/phosphodiesterase 2
124	8e-07	0.000291	81.78	44.77	1.83	1436398_at	Info	NA	NA
125	9e-07	0.000322	75.64	154.14	0.49	1434606_at	Info	Erbb3	v-erb-b2 erythroblastic leukemia viral oncogene homolog 3 (avian)
126	9e-07	0.000322	530.24	1106.46	0.48	1456530_x_at	Info	Elovl1	elongation of very long chain fatty acids (FEN1/Elo2, SUR4/Elo3, yeast)-like 1
127	1e-06	0.00035	229.14	66.63	3.44	1417278_a_at	Info	Nkd1	naked cuticle 1 homolog (Drosophila)
128	1e-06	0.00035	196.91	424.54	0.46	1447807_s_at	Info	Plekhh1	pleckstrin homology domain containing, family H (with MyTH4 domain) member 1
129	1e-06	0.00035	1049.27	1822.68	0.58	1428184_at	Info	3110035E14Rik	RIKEN cDNA 3110035E14 gene
130	1.1e-06	0.000376	530.62	1013.28	0.52	1423955_a_at	Info	Lass2	LAG1 homolog, ceramide synthase 2
131	1.1e-06	0.000376	115.2	207.35	0.56	1427305_at	Info	Piga	phosphatidylinositol glycan anchor biosynthesis, class A
132	1.1e-06	0.000376	561.55	1084.45	0.52	1455022_at	Info	Strn	striatin, calmodulin binding protein
133	1.2e-06	0.000398	56.72	133.99	0.42	1441636_at	Info	NA	NA
134	1.2e-06	0.000398	254.21	464.31	0.55	1438672_at	Info	Parvb	parvin, beta
135	1.2e-06	0.000398	394.1	826.07	0.48	1425676_a_at	Info	Elovl1	elongation of very long chain fatty acids (FEN1/Elo2, SUR4/Elo3, yeast)-like 1
136	1.2e-06	0.000398	132.27	249.42	0.53	1448780_at	Info	Slc12a2	solute carrier family 12, member 2
137	1.3e-06	0.000422	85.66	177.6	0.48	1435053_s_at	Info	Plekhh1	pleckstrin homology domain containing, family H (with MyTH4 domain) member 1
138	1.3e-06	0.000422	291.77	547.26	0.53	1424653_at	Info	Tspan15	tetraspanin 15
139	1.3e-06	0.000422	1323.71	2261.92	0.59	1455333_at	Info	Tns3	tensin 3
140	1.4e-06	0.000442	102.47	225.32	0.45	1455260_at	Info	Lcorl	ligand dependent nuclear receptor corepressor-like
141	1.4e-06	0.000442	252.07	511.3	0.49	1417162_at	Info	Tmbim1	transmembrane BAX inhibitor motif containing 1
142	1.4e-06	0.000442	194.79	379.97	0.51	1421836_at	Info	Mtap7	microtubule-associated protein 7
143	1.4e-06	0.000442	169.81	344.63	0.49	1449046_a_at	Info	Josd2	Josephin domain containing 2
144	1.6e-06	0.000494	187.43	307.27	0.61	1424985_a_at	Info	Sox10	SRY-box containing gene 10
145	1.6e-06	0.000494	218.51	124.44	1.76	1422851_at	Info	Hmga2	high mobility group AT-hook 2
146	1.6e-06	0.000494	393.96	764.33	0.52	1423804_a_at	Info	Idi1	isopentenyl-diphosphate delta isomerase
147	1.7e-06	0.000518	1476.88	2548.63	0.58	1417622_at	Info	Slc12a2	solute carrier family 12, member 2
148	1.7e-06	0.000518	51.39	227.44	0.23	1418086_at	Info	Ppp1r14a	protein phosphatase 1, regulatory (inhibitor) subunit 14A
149	1.8e-06	0.000538	21.22	35.39	0.6	1443771_x_at	Info	Smad7	MAD homolog 7 (Drosophila)
150	1.8e-06	0.000538	108.04	214.16	0.5	1455422_x_at	Info	Sept4	septin 4
151	1.8e-06	0.000538	306.06	490.67	0.62	1455156_at	Info	Strn	striatin, calmodulin binding protein
152	1.9e-06	0.00056	222.65	389.2	0.57	1458351_s_at	Info	Klhl2	kelch-like 2, Mayven (Drosophila)
153	1.9e-06	0.00056	694.08	1223.88	0.57	1417965_at	Info	Plekha1	pleckstrin homology domain containing, family A (phosphoinositide binding specific) member 1
154	2e-06	0.000582	549.96	1073.59	0.51	1416226_at	Info	Arpc1b	actin related protein 2/3 complex, subunit 1B
155	2e-06	0.000582	141.08	255.82	0.55	1433583_at	Info	Zfp365	zinc finger protein 365
156	2.1e-06	0.000592	463.28	855.37	0.54	1428573_at	Info	Chn2	chimerin (chimaerin) 2
157	2.1e-06	0.000592	292	180.9	1.61	1450780_s_at	Info	Hmga2	high mobility group AT-hook 2
158	2.1e-06	0.000592	167.53	100.34	1.67	1425828_at	Info	Nkx6-1	NK6 homeobox 1
159	2.1e-06	0.000592	151.74	279.54	0.54	1426802_at	Info	Sept8	septin 8
160	2.1e-06	0.000592	112	240.23	0.47	1432417_a_at	Info	Tspan2	tetraspanin 2
161	2.3e-06	0.000636	2382.47	3908.89	0.61	1424139_at	Info	Rap1a	RAS-related protein-1a
162	2.3e-06	0.000636	723.84	1198.39	0.6	1423883_at	Info	Acsl1	acyl-CoA synthetase long-chain family member 1
163	2.3e-06	0.000636	146.3	70.46	2.08	1425212_a_at	Info	Tnfrsf19	tumor necrosis factor receptor superfamily, member 19
164	2.4e-06	0.00066	42.05	83.09	0.51	1431825_at	Info	Srpk3	serine/arginine-rich protein specific kinase 3
165	2.7e-06	0.000738	67.94	127.64	0.53	1428574_a_at	Info	Chn2	chimerin (chimaerin) 2
166	2.8e-06	0.000756	259.47	445.61	0.58	1424824_at	Info	Slain1	SLAIN motif family, member 1
167	2.8e-06	0.000756	625.91	1060.76	0.59	1417372_a_at	Info	Peli1	pellino 1
168	2.9e-06	0.000774	182.24	44.86	4.06	1444341_at	Info	8030451F13Rik	RIKEN cDNA 8030451F13 gene
169	2.9e-06	0.000774	1008.45	1630.2	0.62	1433490_s_at	Info	Epb4.1l2	erythrocyte protein band 4.1-like 2
170	3e-06	0.000796	1416.35	2660.12	0.53	1416371_at	Info	Apod	apolipoprotein D
171	3.1e-06	0.000813	58.38	99.41	0.59	1437396_at	Info	Creb3l2	cAMP responsive element binding protein 3-like 2
172	3.1e-06	0.000813	258.85	441.09	0.59	1450875_at	Info	Gpr37	G protein-coupled receptor 37
173	3.3e-06	0.00086	482.52	1034.09	0.47	1455994_x_at	Info	Elovl1	elongation of very long chain fatty acids (FEN1/Elo2, SUR4/Elo3, yeast)-like 1
174	3.4e-06	0.000881	170.55	305.17	0.56	1448509_at	Info	3110001A13Rik	RIKEN cDNA 3110001A13 gene
175	3.6e-06	0.000917	45.19	18.65	2.42	1427008_at	Info	Rnf43	ring finger protein 43
176	3.6e-06	0.000917	229.03	389.02	0.59	1422572_at	Info	Rhog	ras homolog gene family, member G
177	3.6e-06	0.000917	179.87	294.3	0.61	1435552_at	Info	Otud7b	OTU domain containing 7B
178	3.7e-06	0.000927	261.24	438.19	0.6	1426436_at	Info	Tmem159	transmembrane protein 159
179	3.7e-06	0.000927	616.91	982.46	0.63	1426913_at	Info	Lss	lanosterol synthase
180	3.7e-06	0.000927	569.57	343.57	1.66	1418382_at	Info	Apcdd1	adenomatosis polyposis coli down-regulated 1
181	3.8e-06	0.000942	146.57	248.57	0.59	1437424_at	Info	Syde2	synapse defective 1, Rho GTPase, homolog 2 (C. elegans)
182	3.8e-06	0.000942	103.22	179.5	0.58	1417110_at	Info	Man1a	mannosidase 1, alpha
183	4.1e-06	0.001	240.36	134.95	1.78	1418383_at	Info	Apcdd1	adenomatosis polyposis coli down-regulated 1
184	4.1e-06	0.001	427.49	822.91	0.52	1448729_a_at	Info	Sept4	septin 4
185	4.1e-06	0.001	96.4	230.41	0.42	1453352_at	Info	Atp10b	ATPase, class V, type 10B
186	4.2e-06	0.00102	64	178.05	0.36	1449365_at	Info	S1pr5	sphingosine-1-phosphate receptor 5
187	4.4e-06	0.00106	1551.05	2475.68	0.63	1432103_a_at	Info	Sh3gl3	SH3-domain GRB2-like 3
188	4.5e-06	0.00108	102.53	192.13	0.53	1438645_x_at	Info	Bace2	beta-site APP-cleaving enzyme 2
189	4.7e-06	0.00112	188.02	325.4	0.58	1420013_s_at	Info	Lss	lanosterol synthase
190	5e-06	0.00118	793.92	1420.14	0.56	1451431_a_at	Info	Dbndd2	dysbindin (dystrobrevin binding protein 1) domain containing 2
191	5e-06	0.00118	67.99	137.76	0.49	1457716_at	Info	Otud7b	OTU domain containing 7B
192	5.1e-06	0.0012	312.44	499.14	0.63	1455032_at	Info	Ccnyl1	cyclin Y-like 1
193	5.4e-06	0.00126	10404.51	18421.36	0.56	1433532_a_at	Info	Mbp	myelin basic protein
194	5.6e-06	0.0013	1031.86	1600.43	0.64	1451895_a_at	Info	Dhcr24	24-dehydrocholesterol reductase
195	6.3e-06	0.00145	210.04	338.79	0.62	1454787_at	Info	Zdhhc9	zinc finger, DHHC domain containing 9
196	6.3e-06	0.00145	278.37	476.4	0.58	1428385_at	Info	March8	membrane-associated ring finger (C3HC4) 8
197	6.4e-06	0.00146	615.52	78.33	7.86	1455645_at	Info	8030451F13Rik	RIKEN cDNA 8030451F13 gene
198	6.4e-06	0.00146	147.31	229.74	0.64	1428953_at	Info	Otud7b	OTU domain containing 7B
199	6.5e-06	0.00146	282.68	493.29	0.57	1423503_at	Info	Jam3	junction adhesion molecule 3
200	6.5e-06	0.00146	53.83	99.21	0.54	1426110_a_at	Info	Lpar1	lysophosphatidic acid receptor 1
201	6.5e-06	0.00146	421.31	649.99	0.65	1423569_at	Info	Gatm	glycine amidinotransferase (L-arginine:glycine amidinotransferase)
202	6.6e-06	0.00147	389.02	636.05	0.61	1433742_at	Info	Kank1	KN motif and ankyrin repeat domains 1
203	6.6e-06	0.00147	127.25	207.78	0.61	1436954_at	Info	Wipf1	WAS/WASL interacting protein family, member 1
204	6.7e-06	0.00148	119.31	220.36	0.54	1439078_at	Info	Klhl4	kelch-like 4 (Drosophila)
205	7.2e-06	0.00158	474.51	253.12	1.87	1448147_at	Info	Tnfrsf19	tumor necrosis factor receptor superfamily, member 19
206	7.3e-06	0.0016	126.14	67.11	1.88	1450781_at	Info	Hmga2	high mobility group AT-hook 2
207	7.4e-06	0.00161	419.42	638.4	0.66	1455515_at	Info	1810041L15Rik	RIKEN cDNA 1810041L15 gene
208	7.5e-06	0.00162	376.37	591.87	0.64	1435363_at	Info	Plekhg1	pleckstrin homology domain containing, family G (with RhoGef domain) member 1
209	7.5e-06	0.00162	120.77	266.86	0.45	1456781_at	Info	NA	NA
210	7.6e-06	0.00163	30.13	59.52	0.51	1442870_at	Info	NA	NA
211	7.7e-06	0.00165	375.07	604.14	0.62	1422478_a_at	Info	Acss2	acyl-CoA synthetase short-chain family member 2
212	7.9e-06	0.00168	1156.88	2514.09	0.46	1450642_at	Info	3110001I20Rik	RIKEN cDNA 3110001I20 gene
213	8.2e-06	0.00174	328.67	560.27	0.59	1421112_at	Info	Nkx2-2	NK2 transcription factor related, locus 2 (Drosophila)
214	8.3e-06	0.00175	19.13	39.61	0.48	1435581_at	Info	Bace2	beta-site APP-cleaving enzyme 2
215	8.6e-06	0.0018	334.66	219.21	1.53	1428834_at	Info	Dusp4	dual specificity phosphatase 4
216	8.7e-06	0.00182	848.47	1479.35	0.57	1417371_at	Info	Peli1	pellino 1
217	8.8e-06	0.00183	73.43	42.53	1.73	1427252_at	Info	Dmrtb1	DMRT-like family B with proline-rich C-terminal, 1
218	8.9e-06	0.00184	32.48	50.27	0.65	1427420_at	Info	Nkx6-2	NK6 homeobox 2
219	9.2e-06	0.00189	228.07	390.65	0.58	1460693_a_at	Info	Col9a3	collagen, type IX, alpha 3
220	9.2e-06	0.00189	102.05	161.51	0.63	1416893_at	Info	3110001A13Rik	RIKEN cDNA 3110001A13 gene
221	9.4e-06	0.00192	978.97	1547.21	0.63	1435554_at	Info	Tmcc3	transmembrane and coiled coil domains 3
222	9.7e-06	0.00196	748.13	1199.11	0.62	1416041_at	Info	Sgk1	serum/glucocorticoid regulated kinase 1
223	9.7e-06	0.00196	289.24	178.64	1.62	1417155_at	Info	Mycn	v-myc myelocytomatosis viral related oncogene, neuroblastoma derived (avian)
224	1e-05	0.00201	42.4	27.48	1.54	1422160_at	Info	H2-T24	histocompatibility 2, T region locus 24
225	1.04e-05	0.00208	39.18	73.24	0.54	1417222_a_at	Info	Tmem123	transmembrane protein 123
226	1.05e-05	0.0021	63.29	131.14	0.48	1435463_s_at	Info	Myo1d	myosin ID
227	1.07e-05	0.00213	225.25	340.91	0.66	1429440_at	Info	1810041L15Rik	RIKEN cDNA 1810041L15 gene
228	1.12e-05	0.00222	383.06	627.91	0.61	1448020_at	Info	Rap1a	RAS-related protein-1a
229	1.13e-05	0.00222	142.78	221.87	0.64	1455214_at	Info	Mitf	microphthalmia-associated transcription factor
230	1.13e-05	0.00222	558.81	337.66	1.65	1451119_a_at	Info	Fbln1	fibulin 1
231	1.17e-05	0.00227	94.49	58.21	1.62	1454734_at	Info	Lef1	lymphoid enhancer binding factor 1
232	1.17e-05	0.00227	90.46	151.68	0.6	1429428_at	Info	Tcf7l2	transcription factor 7-like 2, T-cell specific, HMG-box
233	1.19e-05	0.0023	213.53	325.04	0.66	1420150_at	Info	Spsb1	splA/ryanodine receptor domain and SOCS box containing 1
234	1.28e-05	0.00247	943.71	620.56	1.52	1454822_x_at	Info	Apcdd1	adenomatosis polyposis coli down-regulated 1
235	1.31e-05	0.00251	104.99	61.31	1.71	1436590_at	Info	Ppp1r3b	protein phosphatase 1, regulatory (inhibitor) subunit 3B
236	1.33e-05	0.00253	138.27	260.67	0.53	1435214_at	Info	Gjc2	gap junction protein, gamma 2
237	1.33e-05	0.00253	225.64	336.39	0.67	1427243_at	Info	Rell1	RELT-like 1
238	1.35e-05	0.00255	48.17	75.39	0.64	1439648_at	Info	Anln	anillin, actin binding protein
239	1.35e-05	0.00255	75.53	118.58	0.64	1422534_at	Info	Cyp51	cytochrome P450, family 51
240	1.39e-05	0.00261	956.7	630.56	1.52	1420008_s_at	Info	Wwc1	WW, C2 and coiled-coil domain containing 1
241	1.43e-05	0.00268	1092.49	1640.71	0.67	1447676_x_at	Info	S100a16	S100 calcium binding protein A16
242	1.47e-05	0.00274	67.67	114.58	0.59	1429736_at	Info	1110003F05Rik	RIKEN cDNA 1110003F05 gene
243	1.5e-05	0.00278	440.96	667.55	0.66	1433875_at	Info	4732418C07Rik	RIKEN cDNA 4732418C07 gene
244	1.51e-05	0.00279	396	680.29	0.58	1454078_a_at	Info	Gal3st1	galactose-3-O-sulfotransferase 1
245	1.53e-05	0.00282	1529.36	2303.95	0.66	1419073_at	Info	Tmeff2	transmembrane protein with EGF-like and two follistatin-like domains 2
246	1.56e-05	0.00286	317.7	473.37	0.67	1454889_x_at	Info	Tmcc3	transmembrane and coiled coil domains 3
247	1.59e-05	0.00289	95.1	59.92	1.59	1438697_at	Info	Tmem132c	transmembrane protein 132C
248	1.59e-05	0.00289	45.84	78.17	0.59	1428663_at	Info	5133401H06Rik	RIKEN cDNA 5133401H06 gene
249	1.62e-05	0.00293	443.01	642.13	0.69	1417693_a_at	Info	Gab1	growth factor receptor bound protein 2-associated protein 1
250	1.66e-05	0.00299	306.46	199.43	1.54	1417625_s_at	Info	Cxcr7	chemokine (C-X-C motif) receptor 7
251	1.67e-05	0.003	200.69	430.95	0.47	1451458_at	Info	Tmem2	transmembrane protein 2
252	1.68e-05	0.00301	80.33	161.2	0.5	1442051_at	Info	Hist2h3c1	histone cluster 2, H3c1
253	1.69e-05	0.00301	278.28	552.57	0.5	1452980_at	Info	2810468N07Rik	RIKEN cDNA 2810468N07 gene
254	1.71e-05	0.00304	1451.42	2406.51	0.6	1425129_a_at	Info	Taldo1	transaldolase 1
255	1.76e-05	0.00311	1051.91	1531.3	0.69	1426965_at	Info	Rap2a	RAS related protein 2a
256	1.83e-05	0.00322	1610.13	2394.57	0.67	1415964_at	Info	Scd1	stearoyl-Coenzyme A desaturase 1
257	1.84e-05	0.00322	1034.47	1492.04	0.69	1419493_a_at	Info	Tpd52	tumor protein D52
258	1.84e-05	0.00322	363.06	587.73	0.62	1435126_at	Info	Dusp15	dual specificity phosphatase-like 15
259	1.86e-05	0.00324	113.44	185.22	0.61	1450725_s_at	Info	Car14	carbonic anhydrase 14
260	1.87e-05	0.00324	266.43	431.85	0.62	1416653_at	Info	Stxbp3a	syntaxin binding protein 3A
261	1.94e-05	0.00335	379.47	567.46	0.67	1417111_at	Info	Man1a	mannosidase 1, alpha
262	1.98e-05	0.00341	49.23	75.72	0.65	1440952_at	Info	NA	NA
263	2e-05	0.00343	51.25	75.57	0.68	1435950_at	Info	Hr	hairless
264	2.05e-05	0.0035	158.81	275.53	0.58	1428321_at	Info	Eml1	echinoderm microtubule associated protein like 1
265	2.11e-05	0.00358	544.14	813.32	0.67	1435343_at	Info	Dock10	dedicator of cytokinesis 10
266	2.11e-05	0.00358	355.37	528.61	0.67	1434252_at	Info	Tmcc3	transmembrane and coiled coil domains 3
267	2.2e-05	0.00372	141.63	217.92	0.65	1423871_at	Info	Tmem63a	transmembrane protein 63a
268	2.23e-05	0.00375	21.61	39.83	0.54	1442049_at	Info	NA	NA
269	2.26e-05	0.00379	283.02	183.25	1.54	1438493_at	Info	4933433K01Rik	RIKEN cDNA 4933433K01 gene
270	2.3e-05	0.00384	744.21	1176.03	0.63	1429798_s_at	Info	Cmtm5	CKLF-like MARVEL transmembrane domain containing 5
271	2.36e-05	0.00393	101.17	217.99	0.46	1448767_s_at	Info	Gjb1	gap junction protein, beta 1
272	2.41e-05	0.00398	279.72	460.98	0.61	1460394_a_at	Info	Inppl1	inositol polyphosphate phosphatase-like 1
273	2.41e-05	0.00398	122.53	218.08	0.56	1417623_at	Info	Slc12a2	solute carrier family 12, member 2
274	2.44e-05	0.004	112.8	171.55	0.66	1431061_s_at	Info	Peli1	pellino 1
275	2.44e-05	0.004	196.07	317.57	0.62	1427287_s_at	Info	Itpr2	inositol 1,4,5-triphosphate receptor 2
276	2.52e-05	0.00412	73.5	123.46	0.6	1453269_at	Info	Unc5b	unc-5 homolog B (C. elegans)
277	2.83e-05	0.00461	134.61	199.85	0.67	1435110_at	Info	Unc5b	unc-5 homolog B (C. elegans)
278	2.85e-05	0.00462	2260.55	3322.34	0.68	1433446_at	Info	LOC100040592	similar to Hmgcs1 protein
279	2.89e-05	0.00467	18.69	28.63	0.65	1456593_at	Info	NA	NA
280	2.9e-05	0.00467	181.35	288.31	0.63	1458440_at	Info	Specc1	sperm antigen with calponin homology and coiled-coil domains 1
281	2.96e-05	0.00475	2015.5	3047.19	0.66	1451122_at	Info	Idi1	isopentenyl-diphosphate delta isomerase
282	2.98e-05	0.00477	1565.18	1010.46	1.55	1449070_x_at	Info	Apcdd1	adenomatosis polyposis coli down-regulated 1
283	3.11e-05	0.00495	191.64	126.5	1.51	1422540_at	Info	Fbln1	fibulin 1
284	3.13e-05	0.00495	53.29	79.19	0.67	1434399_at	Info	Galnt6	UDP-N-acetyl-alpha-D-galactosamine:polypeptide N-acetylgalactosaminyltransferase 6
285	3.13e-05	0.00495	2178.99	3621.4	0.6	1416178_a_at	Info	Plekhb1	pleckstrin homology domain containing, family B (evectins) member 1
286	3.31e-05	0.00522	119.69	82.1	1.46	1451053_a_at	Info	Mdm1	transformed mouse 3T3 cell double minute 1
287	3.34e-05	0.00525	494.03	724.22	0.68	1448689_at	Info	Rras2	related RAS viral (r-ras) oncogene homolog 2
288	3.38e-05	0.00529	391.49	572.98	0.68	1416359_at	Info	Snx18	sorting nexin 18
289	3.4e-05	0.00531	164.4	106.18	1.55	1418601_at	Info	Aldh1a7	aldehyde dehydrogenase family 1, subfamily A7
290	3.44e-05	0.00535	395.54	657.04	0.6	1428736_at	Info	Gramd3	GRAM domain containing 3
291	3.48e-05	0.00539	73.57	109.94	0.67	1416360_at	Info	Snx18	sorting nexin 18
292	3.56e-05	0.0055	52.13	134.53	0.39	1442138_at	Info	Gpr62	G protein-coupled receptor 62
293	3.57e-05	0.0055	1052.6	1657.75	0.63	1417529_at	Info	Rab33a	RAB33A, member of RAS oncogene family
294	3.73e-05	0.00571	608.3	881.06	0.69	1451457_at	Info	Sc5d	sterol-C5-desaturase (fungal ERG3, delta-5-desaturase) homolog (S. cerevisae)
295	3.75e-05	0.00571	3051.31	4382.71	0.7	1415672_at	Info	Golga7	golgi autoantigen, golgin subfamily a, 7
296	3.75e-05	0.00571	601.18	839.7	0.72	1434864_at	Info	Nipa1	non imprinted in Prader-Willi/Angelman syndrome 1 homolog (human)
297	3.76e-05	0.00571	389.5	629.54	0.62	1422881_s_at	Info	Sypl	synaptophysin-like protein
298	3.79e-05	0.00574	148.46	265.15	0.56	1422558_at	Info	Gamt	guanidinoacetate methyltransferase
299	3.85e-05	0.0058	48.54	81.12	0.6	1449881_a_at	Info	Casr	calcium-sensing receptor
300	3.86e-05	0.0058	122.2	175.8	0.7	1428737_s_at	Info	Gramd3	GRAM domain containing 3
301	4.14e-05	0.0062	122.83	179.63	0.68	1417081_a_at	Info	Syngr2	synaptogyrin 2
302	4.17e-05	0.00623	534.33	842.32	0.63	1426978_at	Info	Klhl2	kelch-like 2, Mayven (Drosophila)
303	4.27e-05	0.00636	1430.65	2073.15	0.69	1425560_a_at	Info	S100a16	S100 calcium binding protein A16
304	4.34e-05	0.00644	427.62	593.15	0.72	1417694_at	Info	Gab1	growth factor receptor bound protein 2-associated protein 1
305	4.53e-05	0.0067	3545.44	2483.62	1.43	1424719_a_at	Info	Mapt	microtubule-associated protein tau
306	4.55e-05	0.00671	395.04	263.75	1.5	1427261_at	Info	Wwc1	WW, C2 and coiled-coil domain containing 1
307	4.67e-05	0.00686	1396.62	949.34	1.47	1417885_at	Info	Mapt	microtubule-associated protein tau
308	4.73e-05	0.00693	57.56	84.06	0.68	1428833_at	Info	4930406D14Rik	RIKEN cDNA 4930406D14 gene
309	4.81e-05	0.00702	227.28	157.93	1.44	1451835_at	Info	Sox21	SRY-box containing gene 21
310	5.03e-05	0.00732	486.6	697.07	0.7	1434309_at	Info	Fntb	farnesyltransferase, CAAX box, beta
311	5.15e-05	0.00747	302.59	429.71	0.7	1435438_at	Info	Sox8	SRY-box containing gene 8
312	5.17e-05	0.00747	40.22	115.17	0.35	1426664_x_at	Info	Slc45a3	solute carrier family 45, member 3
313	5.19e-05	0.00748	1261.96	1832.38	0.69	1452771_s_at	Info	Acsl3	acyl-CoA synthetase long-chain family member 3
314	5.29e-05	0.0076	77.55	44.62	1.74	1427600_at	Info	NA	NA
315	5.33e-05	0.00762	1134.82	618.77	1.83	1416468_at	Info	Aldh1a1	aldehyde dehydrogenase family 1, subfamily A1
316	5.34e-05	0.00762	1650.19	2260.44	0.73	1423461_a_at	Info	Ubl3	ubiquitin-like 3
317	5.38e-05	0.00763	33.41	57.84	0.58	1433798_a_at	Info	E330034G19Rik	RIKEN cDNA E330034G19 gene
318	5.38e-05	0.00763	401.75	581.11	0.69	1422479_at	Info	Acss2	acyl-CoA synthetase short-chain family member 2
319	5.42e-05	0.00766	216.97	359.96	0.6	1422912_at	Info	Bmp4	bone morphogenetic protein 4
320	5.45e-05	0.00768	210.71	345.04	0.61	1417101_at	Info	Hspa2	heat shock protein 2
321	5.51e-05	0.00771	468.02	333.55	1.4	1450339_a_at	Info	Bcl11b	B-cell leukemia/lymphoma 11B
322	5.51e-05	0.00771	1411.8	898.53	1.57	1448754_at	Info	Rbp1	retinol binding protein 1, cellular
323	5.52e-05	0.00771	553.98	798.23	0.69	1416936_at	Info	Aatk	apoptosis-associated tyrosine kinase
324	5.7e-05	0.00793	706.82	979.23	0.72	1433976_at	Info	Reep3	receptor accessory protein 3
325	5.73e-05	0.00795	540.82	754.18	0.72	1424781_at	Info	Reep3	receptor accessory protein 3
326	5.95e-05	0.00823	286	202.68	1.41	1451734_a_at	Info	Dbn1	drebrin 1
327	6.01e-05	0.00829	366.97	240.02	1.53	1437759_at	Info	Pfkp	phosphofructokinase, platelet
328	6.07e-05	0.00835	343.52	496.75	0.69	1442135_at	Info	Ado	2-aminoethanethiol (cysteamine) dioxygenase
329	6.2e-05	0.0085	18.7	26.86	0.7	1454240_at	Info	Nfe2l3	nuclear factor, erythroid derived 2, like 3
330	6.25e-05	0.00854	5383.51	7645.87	0.7	1433444_at	Info	LOC100040592	similar to Hmgcs1 protein
331	6.29e-05	0.00857	439.76	612.11	0.72	1433942_at	Info	Myo6	myosin VI
332	6.55e-05	0.0089	137.62	190.39	0.72	1418366_at	Info	Hist2h2aa1	histone cluster 2, H2aa1
333	6.63e-05	0.00898	340.6	494.58	0.69	1421821_at	Info	Ldlr	low density lipoprotein receptor
334	6.65e-05	0.00898	64.27	27.85	2.31	1454866_s_at	Info	Clic6	chloride intracellular channel 6
335	6.72e-05	0.00905	558.27	839.08	0.67	1421947_at	Info	Gng12	guanine nucleotide binding protein (G protein), gamma 12
336	6.77e-05	0.00909	93.71	174.14	0.54	1421835_at	Info	Mtap7	microtubule-associated protein 7
337	6.88e-05	0.00921	311.36	477.65	0.65	1418129_at	Info	Dhcr24	24-dehydrocholesterol reductase
338	6.96e-05	0.00927	1532.02	2113.24	0.72	1426963_at	Info	Pacs2	phosphofurin acidic cluster sorting protein 2
339	6.97e-05	0.00927	252.48	172.68	1.46	1426165_a_at	Info	Casp3	caspase 3
340	7.02e-05	0.00931	184.68	256.92	0.72	1423389_at	Info	Smad7	MAD homolog 7 (Drosophila)
341	7.04e-05	0.00931	161.18	230.71	0.7	1418367_x_at	Info	Hist2h2aa1	histone cluster 2, H2aa1
342	7.15e-05	0.00943	198.31	276.52	0.72	1450643_s_at	Info	Acsl1	acyl-CoA synthetase long-chain family member 1
343	7.41e-05	0.00974	44.9	77.97	0.58	1456712_at	Info	Lcorl	ligand dependent nuclear receptor corepressor-like
344	7.43e-05	0.00974	39.26	72.47	0.54	1448766_at	Info	Gjb1	gap junction protein, beta 1
345	7.46e-05	0.00975	1597.87	1113.41	1.44	1419127_at	Info	Npy	neuropeptide Y
346	7.65e-05	0.00997	178.9	250.15	0.72	1419329_at	Info	Sorbs3	sorbin and SH3 domain containing 3
347	7.72e-05	0.01	468.96	335.77	1.4	1429269_at	Info	BC068157	cDNA sequence BC068157
348	7.72e-05	0.01	215.73	155.14	1.39	1445359_at	Info	Adcy1	adenylate cyclase 1
349	7.85e-05	0.0101	26.76	45.06	0.59	1457140_s_at	Info	Rassf10	Ras association (RalGDS/AF-6) domain family (N-terminal) member 10
350	8.09e-05	0.0104	286.53	200.83	1.43	1421951_at	Info	Lhx1	LIM homeobox protein 1
351	8.1e-05	0.0104	89.1	157.09	0.57	1422042_at	Info	Gje1	gap junction membrane channel protein epsilon 1
352	8.3e-05	0.0106	35.15	66.43	0.53	1429427_s_at	Info	Tcf7l2	transcription factor 7-like 2, T-cell specific, HMG-box
353	8.51e-05	0.0109	34.42	47.77	0.72	1419117_at	Info	Slc22a2	solute carrier family 22 (organic cation transporter), member 2
354	8.66e-05	0.011	249.74	378.57	0.66	1416304_at	Info	Litaf	LPS-induced TN factor
355	8.69e-05	0.011	1830.63	2615.25	0.7	1423078_a_at	Info	Sc4mol	sterol-C4-methyl oxidase-like
356	8.71e-05	0.011	69.07	49.63	1.39	1429552_at	Info	Wdr16	WD repeat domain 16
357	8.92e-05	0.0113	31.78	66.79	0.48	1441579_at	Info	Dmrta1	doublesex and mab-3 related transcription factor like family A1
358	8.94e-05	0.0113	152.08	208.73	0.73	1416357_a_at	Info	Mcam	melanoma cell adhesion molecule
359	8.99e-05	0.0113	293.57	215.05	1.37	1429372_at	Info	Sox11	SRY-box containing gene 11
360	9.01e-05	0.0113	49.73	73.16	0.68	1421761_a_at	Info	Barx2	BarH-like homeobox 2
361	9.19e-05	0.0115	160.49	256.93	0.62	1459197_at	Info	Cntn1	contactin 1
362	9.29e-05	0.0116	60.53	96.61	0.63	1419529_at	Info	Il23a	interleukin 23, alpha subunit p19
363	9.34e-05	0.0116	53.06	36.91	1.44	1440485_at	Info	NA	NA
364	9.37e-05	0.0116	944.24	1565.35	0.6	1430600_at	Info	Cmtm5	CKLF-like MARVEL transmembrane domain containing 5
365	9.42e-05	0.0116	187.06	275.07	0.68	1424834_s_at	Info	Itpr2	inositol 1,4,5-triphosphate receptor 2
366	9.49e-05	0.0117	323.53	499.04	0.65	1435258_at	Info	Tmem141	transmembrane protein 141
367	9.54e-05	0.0117	571.18	424.24	1.35	1418080_at	Info	B4galt2	UDP-Gal:betaGlcNAc beta 1,4- galactosyltransferase, polypeptide 2
368	9.55e-05	0.0117	56.57	36.96	1.53	1422837_at	Info	Scel	sciellin
369	9.71e-05	0.0119	228.75	333.98	0.68	1419903_at	Info	Dbndd2	dysbindin (dystrobrevin binding protein 1) domain containing 2
370	9.83e-05	0.012	4729.6	3516.31	1.35	1424718_at	Info	Mapt	microtubule-associated protein tau
371	9.87e-05	0.012	41.83	59.51	0.7	1444878_at	Info	NA	NA
372	0.0001006	0.0122	721.92	1011.92	0.71	1455080_at	Info	Ppp1r16b	protein phosphatase 1, regulatory (inhibitor) subunit 16B
373	0.0001031	0.0125	86.59	151.56	0.57	1429459_at	Info	Sema3d	sema domain, immunoglobulin domain (Ig), short basic domain, secreted, (semaphorin) 3D
374	0.0001034	0.0125	105.85	68.95	1.54	1436218_at	Info	NA	NA
375	0.0001037	0.0125	95.17	241.66	0.39	1456120_at	Info	3110001I20Rik	RIKEN cDNA 3110001I20 gene
376	0.0001041	0.0125	248.38	419.82	0.59	1433453_a_at	Info	Abtb2	ankyrin repeat and BTB (POZ) domain containing 2
377	0.0001045	0.0125	117.72	183.67	0.64	1435278_at	Info	1810036N14Rik	RIKEN cDNA 1810036N14 gene
378	0.0001046	0.0125	277.24	417.09	0.66	1454742_at	Info	Rasgef1b	RasGEF domain family, member 1B
379	0.0001058	0.0126	248.97	164.98	1.51	1438698_at	Info	Tmem132c	transmembrane protein 132C
380	0.0001059	0.0126	659.16	917.01	0.72	1428599_at	Info	Kndc1	kinase non-catalytic C-lobe domain (KIND) containing 1
381	0.0001061	0.0126	355.3	502.76	0.71	1428223_at	Info	Mfsd2	major facilitator superfamily domain containing 2
382	0.0001069	0.0126	78.45	56.67	1.38	1449058_at	Info	Gli1	GLI-Kruppel family member GLI1
383	0.0001071	0.0126	34.75	59.55	0.58	1425369_a_at	Info	Sox10	SRY-box containing gene 10
384	0.0001079	0.0126	306.57	465.08	0.66	1428386_at	Info	Acsl3	acyl-CoA synthetase long-chain family member 3
385	0.0001081	0.0126	746.51	1047.8	0.71	1422880_at	Info	Sypl	synaptophysin-like protein
386	0.0001081	0.0126	140.81	254.61	0.55	1436345_at	Info	5730559C18Rik	RIKEN cDNA 5730559C18 gene
387	0.0001084	0.0126	333.47	245.76	1.36	1423499_at	Info	Sncaip	synuclein, alpha interacting protein (synphilin)
388	0.0001087	0.0126	1081.81	1472.04	0.73	1416621_at	Info	Llgl1	lethal giant larvae homolog 1 (Drosophila)
389	0.0001094	0.0127	125.59	84.74	1.48	1437671_x_at	Info	Prss23	protease, serine, 23
390	0.0001153	0.0133	149.65	215.55	0.69	1433840_a_at	Info	C330006K01Rik	RIKEN cDNA C330006K01 gene
391	0.0001157	0.0133	474.67	320.63	1.48	1456857_at	Info	1500011B03Rik	RIKEN cDNA 1500011B03 gene
392	0.0001177	0.0135	506.27	715.49	0.71	1460734_at	Info	Col9a3	collagen, type IX, alpha 3
393	0.0001196	0.0137	194.33	277.17	0.7	1423792_a_at	Info	Cmtm6	CKLF-like MARVEL transmembrane domain containing 6
394	0.0001218	0.0139	6567.19	9022.65	0.73	1433445_x_at	Info	LOC100040592	similar to Hmgcs1 protein
395	0.0001231	0.0141	40.89	64.07	0.64	1443828_x_at	Info	Herpud2	HERPUD family member 2
396	0.0001237	0.0141	213.16	146.29	1.46	1453247_at	Info	Zfp618	zinc fingerprotein 618
397	0.0001253	0.0142	21.52	31.32	0.69	1431728_at	Info	Chmp4c	chromatin modifying protein 4C
398	0.0001263	0.0143	271.03	370.03	0.73	1427978_at	Info	4732418C07Rik	RIKEN cDNA 4732418C07 gene
399	0.0001269	0.0143	392.47	263.94	1.49	1417937_at	Info	Dact1	dapper homolog 1, antagonist of beta-catenin (xenopus)
400	0.0001276	0.0144	29.28	50.08	0.58	1444749_at	Info	NA	NA
401	0.0001292	0.0145	172.81	121.85	1.42	1425396_a_at	Info	Lck	lymphocyte protein tyrosine kinase
402	0.0001312	0.0147	489.81	687.65	0.71	1424468_s_at	Info	Phldb1	pleckstrin homology-like domain, family B, member 1
403	0.0001326	0.0148	959.82	1327.35	0.72	1433916_at	Info	Vamp3	vesicle-associated membrane protein 3
404	0.0001328	0.0148	201.21	287.26	0.7	1428548_at	Info	Pak4	p21 (CDKN1A)-activated kinase 4
405	0.0001333	0.0148	60.99	90.95	0.67	1458060_at	Info	Ldlrap1	low density lipoprotein receptor adaptor protein 1
406	0.0001341	0.0149	80.62	107.91	0.75	1422777_at	Info	C1ql1	complement component 1, q subcomponent-like 1
407	0.000137	0.0152	100.18	74.8	1.34	1441037_at	Info	NA	NA
408	0.0001383	0.0153	706.17	1024.92	0.69	1456245_x_at	Info	Vamp3	vesicle-associated membrane protein 3
409	0.0001386	0.0153	178.1	130.59	1.36	1450905_at	Info	Plxnc1	plexin C1
410	0.0001392	0.0153	3294.4	4483.36	0.73	1447904_s_at	Info	Fnta	farnesyltransferase, CAAX box, alpha
411	0.0001398	0.0153	383.08	628.07	0.61	1417673_at	Info	Grb14	growth factor receptor bound protein 14
412	0.0001408	0.0154	158.15	112.1	1.41	1439795_at	Info	Gpr64	G protein-coupled receptor 64
413	0.0001414	0.0154	30.87	45.31	0.68	1425669_at	Info	Mobkl2b	MOB1, Mps One Binder kinase activator-like 2B (yeast)
414	0.0001424	0.0155	397.8	296.08	1.34	1435670_at	Info	Tcfap2b	transcription factor AP-2 beta
415	0.0001429	0.0155	324.52	461.75	0.7	1434776_at	Info	Sema5a	sema domain, seven thrombospondin repeats (type 1 and type 1-like), transmembrane domain (TM) and short cytoplasmic domain, (semaphorin) 5A
416	0.0001442	0.0156	847.6	625.64	1.35	1448785_at	Info	Runx1t1	runt-related transcription factor 1; translocated to, 1 (cyclin D-related)
417	0.0001452	0.0157	222.35	160.33	1.39	1424694_at	Info	2010011I20Rik	RIKEN cDNA 2010011I20 gene
418	0.0001456	0.0157	44.76	66.28	0.68	1437112_at	Info	Pld1	phospholipase D1
419	0.0001459	0.0157	118.95	173.59	0.69	1434789_at	Info	Depdc1b	DEP domain containing 1B
420	0.0001501	0.0161	878.8	642.2	1.37	1454630_at	Info	Samd14	sterile alpha motif domain containing 14
421	0.0001506	0.0161	126.96	176.55	0.72	1447655_x_at	Info	Sox6	SRY-box containing gene 6
422	0.0001517	0.0162	82.38	178.84	0.46	1446636_at	Info	Tns3	tensin 3
423	0.000154	0.0164	72.55	109.27	0.66	1416227_at	Info	Arpc1b	actin related protein 2/3 complex, subunit 1B
424	0.0001555	0.0165	2517.11	3668.8	0.69	1417073_a_at	Info	Qk	quaking
425	0.0001559	0.0165	107.95	146.46	0.74	1434680_at	Info	Plekhg3	pleckstrin homology domain containing, family G (with RhoGef domain) member 3
426	0.0001582	0.0167	629.99	957.53	0.66	1418704_at	Info	S100a13	S100 calcium binding protein A13
427	0.0001598	0.0169	203.17	151.97	1.34	1449222_at	Info	Ebi3	Epstein-Barr virus induced gene 3
428	0.0001621	0.0171	5024.93	6823.58	0.74	1416149_at	Info	Olig1	oligodendrocyte transcription factor 1
429	0.0001648	0.0173	309.55	221.92	1.39	1419182_at	Info	Svep1	sushi, von Willebrand factor type A, EGF and pentraxin domain containing 1
430	0.000166	0.0174	190.83	131.71	1.45	1415936_at	Info	Bcar3	breast cancer anti-estrogen resistance 3
431	0.0001692	0.0177	993.54	1310.82	0.76	1448765_at	Info	Fyn	Fyn proto-oncogene
432	0.0001704	0.0178	1579.76	2400.96	0.66	1437995_x_at	Info	Sept7	septin 7
433	0.0001739	0.0181	198.41	294.41	0.67	1438504_x_at	Info	Tm7sf3	transmembrane 7 superfamily member 3
434	0.0001763	0.0183	118.27	167.59	0.71	1433491_at	Info	Epb4.1l2	erythrocyte protein band 4.1-like 2
435	0.0001766	0.0183	882.76	1181.66	0.75	1436640_x_at	Info	Agpat4	1-acylglycerol-3-phosphate O-acyltransferase 4 (lysophosphatidic acid acyltransferase, delta)
436	0.0001772	0.0183	693.2	517.69	1.34	1435349_at	Info	Nrp2	neuropilin 2
437	0.0001783	0.0184	596.42	452.81	1.32	1451147_x_at	Info	Csdc2	cold shock domain containing C2, RNA binding
438	0.0001785	0.0184	139.8	88.85	1.57	1457426_at	Info	1700048O20Rik	RIKEN cDNA 1700048O20 gene
439	0.0001804	0.0185	951.44	721.78	1.32	1451555_at	Info	Nln	neurolysin (metallopeptidase M3 family)
440	0.0001827	0.0187	1215.85	1626.73	0.75	1451074_at	Info	Rnf13	ring finger protein 13
441	0.0001833	0.0187	33.95	51.71	0.66	1434298_at	Info	Zeb2	zinc finger E-box binding homeobox 2
442	0.0001859	0.019	32.83	46.31	0.71	1444418_at	Info	Itpr2	inositol 1,4,5-triphosphate receptor 2
443	0.0001867	0.019	165.58	271.64	0.61	1416118_at	Info	Trim59	tripartite motif-containing 59
444	0.0001885	0.0191	237.37	336.04	0.71	1435076_at	Info	2310047D13Rik	RIKEN cDNA 2310047D13 gene
445	0.000189	0.0191	2875.33	2180.34	1.32	1417343_at	Info	Fxyd6	FXYD domain-containing ion transport regulator 6
446	0.0001892	0.0191	60.08	90.12	0.67	1434361_at	Info	Snx33	sorting nexin 33
447	0.0001902	0.0192	556.27	827.27	0.67	1435259_s_at	Info	Tmem141	transmembrane protein 141
448	0.0001911	0.0192	221.4	341.15	0.65	1433696_at	Info	Hn1l	hematological and neurological expressed 1-like
449	0.0001958	0.0197	69.37	120.26	0.58	1417520_at	Info	Nfe2l3	nuclear factor, erythroid derived 2, like 3
450	0.0002002	0.0201	100.03	138.58	0.72	1450418_a_at	Info	Yipf4	Yip1 domain family, member 4
451	0.000201	0.0201	3915.12	2898.38	1.35	1455028_at	Info	Mapt	microtubule-associated protein tau
452	0.0002013	0.0201	542.89	394.66	1.38	1453355_at	Info	Wnk2	WNK lysine deficient protein kinase 2
453	0.0002018	0.0201	148.23	208.62	0.71	1441964_at	Info	1110003F05Rik	RIKEN cDNA 1110003F05 gene
454	0.0002033	0.0202	391.78	290.54	1.35	1422064_a_at	Info	Zbtb20	zinc finger and BTB domain containing 20
455	0.0002049	0.0203	488.21	368.97	1.32	1436734_at	Info	E130309F12Rik	RIKEN cDNA E130309F12 gene
456	0.0002078	0.0206	45.87	30.77	1.49	1441218_at	Info	NA	NA
457	0.0002099	0.0207	30.25	21.93	1.38	1452028_a_at	Info	Cdh23	cadherin 23 (otocadherin)
458	0.0002122	0.0209	111.16	152.49	0.73	1431042_at	Info	Paqr8	progestin and adipoQ receptor family member VIII
459	0.0002133	0.021	769.22	1043.95	0.74	1450761_s_at	Info	Rims2	regulating synaptic membrane exocytosis 2
460	0.0002159	0.0212	578.91	423.62	1.37	1436013_at	Info	Gsg1l	GSG1-like
461	0.0002163	0.0212	52.23	97.92	0.53	1420345_at	Info	Cldn14	claudin 14
462	0.0002195	0.0214	224.71	309.6	0.73	1428851_at	Info	1300014I06Rik	RIKEN cDNA 1300014I06 gene
463	0.0002195	0.0214	352.67	266	1.33	1436801_x_at	Info	Cdc42ep4	CDC42 effector protein (Rho GTPase binding) 4
464	0.0002238	0.0218	90.65	125.95	0.72	1452834_at	Info	2600010E01Rik	RIKEN cDNA 2600010E01 gene
465	0.0002247	0.0218	74.33	52.77	1.41	1442917_at	Info	OTTMUSG00000002879	predicted gene, OTTMUSG00000002879
466	0.0002266	0.0219	314.76	435.44	0.72	1424782_at	Info	Tmem77	transmembrane protein 77
467	0.0002267	0.0219	192.79	139.07	1.39	1437570_at	Info	AI503301	expressed sequence AI503301
468	0.0002268	0.0219	30.32	49.36	0.61	1457755_at	Info	Gng8	guanine nucleotide binding protein (G protein), gamma 8
469	0.0002303	0.0221	154.08	225.62	0.68	1422566_at	Info	Tcfeb	transcription factor EB
470	0.0002361	0.0227	700.1	528.03	1.33	1448521_at	Info	Brd7	bromodomain containing 7
471	0.0002368	0.0227	28.52	44.53	0.64	1453009_at	Info	Cpm	carboxypeptidase M
472	0.0002406	0.023	67.14	103.05	0.65	1451794_at	Info	Tmcc3	transmembrane and coiled coil domains 3
473	0.0002415	0.023	174.23	127.63	1.37	1423407_a_at	Info	Fbln2	fibulin 2
474	0.000243	0.0231	215.84	287.16	0.75	1438321_x_at	Info	4930504E06Rik	RIKEN cDNA 4930504E06 gene
475	0.0002462	0.0234	9.1	12.38	0.73	1425237_at	Info	Krtap16-8	keratin associated protein 16-8
476	0.000249	0.0236	974.69	733.81	1.33	1442166_at	Info	Cpne5	copine V
477	0.0002492	0.0236	369.82	252.52	1.46	1436403_at	Info	Fam171a2	family with sequence similarity 171, member A2
478	0.000251	0.0236	1201.24	894.23	1.34	1417176_at	Info	Csnk1e	casein kinase 1, epsilon
479	0.0002515	0.0236	53.44	83.47	0.64	1441536_at	Info	Hmgcs1	3-hydroxy-3-methylglutaryl-Coenzyme A synthase 1
480	0.0002517	0.0236	91.23	66.64	1.37	1450584_at	Info	Hoxd11	homeo box D11
481	0.0002543	0.0238	268.4	170	1.58	1453321_at	Info	Fndc1	fibronectin type III domain containing 1
482	0.0002592	0.0243	129.37	171.05	0.76	1435737_a_at	Info	Nde1	nuclear distribution gene E homolog 1 (A nidulans)
483	0.0002604	0.0243	217.76	285.62	0.76	1450770_at	Info	3632451O06Rik	RIKEN cDNA 3632451O06 gene
484	0.0002609	0.0243	420.79	315.44	1.33	1420720_at	Info	Nptx2	neuronal pentraxin 2
485	0.0002645	0.0246	196.3	142.44	1.38	1418847_at	Info	Arg2	arginase type II
486	0.0002662	0.0247	15.36	27.74	0.55	1447479_at	Info	NA	NA
487	0.0002691	0.0249	479.65	702.96	0.68	1418072_at	Info	Hist1h2bc	histone cluster 1, H2bc
488	0.0002707	0.0249	181.17	138.98	1.3	1454867_at	Info	Mn1	meningioma 1
489	0.0002712	0.0249	149.37	201.63	0.74	1425601_a_at	Info	Rtkn	rhotekin
490	0.0002714	0.0249	37.52	53.5	0.7	1447520_at	Info	Lbp	lipopolysaccharide binding protein
491	0.0002714	0.0249	691.57	1000.63	0.69	1435923_at	Info	Ado	2-aminoethanethiol (cysteamine) dioxygenase
492	0.0002725	0.025	104.16	79.75	1.31	1455607_at	Info	Rspo3	R-spondin 3 homolog (Xenopus laevis)
493	0.0002728	0.025	93.76	134.05	0.7	1440691_at	Info	Cyp2j6	cytochrome P450, family 2, subfamily j, polypeptide 6
494	0.0002737	0.025	622.11	468.75	1.33	1433641_at	Info	Smad5	MAD homolog 5 (Drosophila)
495	0.0002752	0.0251	465.12	331.31	1.4	1429051_s_at	Info	Sox11	SRY-box containing gene 11
496	0.0002804	0.0255	208.35	294.02	0.71	1429735_at	Info	1110003F05Rik	RIKEN cDNA 1110003F05 gene
497	0.0002814	0.0255	720.78	944.97	0.76	1448619_at	Info	Dhcr7	7-dehydrocholesterol reductase
498	0.0002824	0.0256	26.67	35.27	0.76	1456016_x_at	Info	BC005624	cDNA sequence BC005624
499	0.0002831	0.0256	98.49	136.8	0.72	1424629_at	Info	Brca1	breast cancer 1
500	0.0002858	0.0258	431.6	320.7	1.35	1460574_at	Info	Fat4	FAT tumor suppressor homolog 4 (Drosophila)
501	0.000288	0.0259	54	27.42	1.97	1453645_at	Info	2700046A07Rik	RIKEN cDNA 2700046A07 gene
502	0.0002881	0.0259	531.55	748.81	0.71	1433771_at	Info	5730446C15Rik	RIKEN cDNA 5730446C15 gene
503	0.0002889	0.0259	931.37	719.06	1.3	1423978_at	Info	Sbk1	SH3-binding kinase 1
504	0.0002905	0.026	346.38	261.31	1.33	1455017_a_at	Info	Zmym3	zinc finger, MYM-type 3
505	0.0002914	0.026	591.51	761.64	0.78	1429146_at	Info	6620401M08Rik	RIKEN cDNA 6620401M08 gene
506	0.0002928	0.0261	606.26	786.88	0.77	1428794_at	Info	Specc1	sperm antigen with calponin homology and coiled-coil domains 1
507	0.000296	0.0263	156.84	120.26	1.3	1439083_at	Info	Ahi1	Abelson helper integration site 1
508	0.0002962	0.0263	102.85	148.19	0.69	1452748_at	Info	Xrcc3	X-ray repair complementing defective repair in Chinese hamster cells 3
509	0.000307	0.0272	393.22	547.95	0.72	1416303_at	Info	Litaf	LPS-induced TN factor
510	0.000308	0.0272	157.78	214.41	0.74	1438922_x_at	Info	Slc25a5	solute carrier family 25 (mitochondrial carrier, adenine nucleotide translocator), member 5
511	0.000308	0.0272	63.11	42.2	1.5	1422839_at	Info	Neurog2	neurogenin 2
512	0.0003088	0.0272	123	186.6	0.66	1453259_at	Info	Insc	inscuteable homolog (Drosophila)
513	0.0003113	0.0273	91.81	69.75	1.32	1428781_at	Info	Dmkn	dermokine
514	0.0003116	0.0273	55.13	76.17	0.72	1453201_at	Info	Rassf10	Ras association (RalGDS/AF-6) domain family (N-terminal) member 10
515	0.0003151	0.0276	131.76	186.43	0.71	1416305_at	Info	Sh3bp4	SH3-domain binding protein 4
516	0.0003163	0.0276	529.29	308.26	1.72	1418464_at	Info	Matn4	matrilin 4
517	0.0003169	0.0276	160.8	121.72	1.32	1438103_at	Info	Pcdhga12	protocadherin gamma subfamily A, 12
518	0.0003177	0.0277	50.95	65.32	0.78	1455265_a_at	Info	Rgs16	regulator of G-protein signaling 16
519	0.0003195	0.0278	149.72	228.82	0.65	1434253_s_at	Info	Tmcc3	transmembrane and coiled coil domains 3
520	0.0003262	0.0283	422.55	270.01	1.56	1420377_at	Info	St8sia2	ST8 alpha-N-acetyl-neuraminide alpha-2,8-sialyltransferase 2
521	0.0003296	0.0285	24.82	32.62	0.76	1441829_s_at	Info	Akap10	A kinase (PRKA) anchor protein 10
522	0.0003304	0.0285	273.32	372.81	0.73	1441598_at	Info	Tmeff2	transmembrane protein with EGF-like and two follistatin-like domains 2
523	0.0003307	0.0285	333.13	450.81	0.74	1421594_a_at	Info	Sytl2	synaptotagmin-like 2
524	0.0003311	0.0285	204.29	154.14	1.33	1429390_at	Info	Acpl2	acid phosphatase-like 2
525	0.0003318	0.0285	39.31	81.01	0.49	1439987_at	Info	Grik1	glutamate receptor, ionotropic, kainate 1
526	0.0003321	0.0285	411.63	552.26	0.75	1422533_at	Info	Cyp51	cytochrome P450, family 51
527	0.0003334	0.0285	584.67	427.74	1.37	1424137_at	Info	Gprin1	G protein-regulated inducer of neurite outgrowth 1
528	0.0003335	0.0285	94.09	128.89	0.73	1436098_at	Info	Bche	butyrylcholinesterase
529	0.0003353	0.0285	37.06	51.23	0.72	1451417_at	Info	Brca1	breast cancer 1
530	0.000336	0.0285	27.56	36.31	0.76	1436128_at	Info	Plekha8	pleckstrin homology domain containing, family A (phosphoinositide binding specific) member 8
531	0.0003364	0.0285	12.42	16.25	0.76	1436742_a_at	Info	Gm1967	gene model 1967, (NCBI)
532	0.0003368	0.0285	133.95	181.56	0.74	1426926_at	Info	Plcg2	phospholipase C, gamma 2
533	0.0003372	0.0285	101.07	75.47	1.34	1418484_at	Info	Tekt2	tektin 2
534	0.0003374	0.0285	172.79	287.89	0.6	1434432_at	Info	Rffl	ring finger and FYVE like domain containing protein
535	0.0003379	0.0285	176.15	126.14	1.4	1420337_at	Info	Gbx2	gastrulation brain homeobox 2
536	0.00034	0.0286	11.32	17.12	0.66	1443820_x_at	Info	Elovl1	elongation of very long chain fatty acids (FEN1/Elo2, SUR4/Elo3, yeast)-like 1
537	0.0003406	0.0286	61.25	41.09	1.49	1430238_at	Info	Got1l1	glutamic-oxaloacetic transaminase 1-like 1
538	0.0003439	0.0288	226.54	297.8	0.76	1435820_x_at	Info	Ddr1	discoidin domain receptor family, member 1
539	0.000344	0.0288	26.34	38.08	0.69	1439825_at	Info	Dtx3l	deltex 3-like (Drosophila)
540	0.0003451	0.0288	688.13	899.6	0.76	1416053_at	Info	Lrrn1	leucine rich repeat protein 1, neuronal
541	0.000346	0.0288	8943.55	11716.57	0.76	1433443_a_at	Info	LOC100040592	similar to Hmgcs1 protein
542	0.000348	0.0289	414.38	546.98	0.76	1424778_at	Info	Reep3	receptor accessory protein 3
543	0.0003489	0.0289	33.14	46.13	0.72	1447348_at	Info	NA	NA
544	0.0003491	0.0289	169.39	236.07	0.72	1455123_at	Info	St18	suppression of tumorigenicity 18
545	0.0003528	0.0292	13.98	18.08	0.77	1437602_at	Info	OTTMUSG00000005491	predicted gene, OTTMUSG00000005491
546	0.0003552	0.0293	55.88	71.64	0.78	1447742_at	Info	Laptm5	lysosomal-associated protein transmembrane 5
547	0.0003553	0.0293	113.71	85.72	1.33	1425016_at	Info	Ephb2	Eph receptor B2
548	0.0003572	0.0294	2931.44	4089.83	0.72	1426509_s_at	Info	Gfap	glial fibrillary acidic protein
549	0.0003596	0.0295	897.79	1183.87	0.76	1428336_at	Info	Agpat4	1-acylglycerol-3-phosphate O-acyltransferase 4 (lysophosphatidic acid acyltransferase, delta)
550	0.0003597	0.0295	18.79	24.64	0.76	1458970_at	Info	NA	NA
551	0.0003638	0.0298	144.27	96.13	1.5	1448328_at	Info	Sh3bp2	SH3-domain binding protein 2
552	0.0003649	0.0298	1262.84	1972.67	0.64	1434342_at	Info	S100b	S100 protein, beta polypeptide, neural
553	0.0003651	0.0298	584.91	449.24	1.3	1423845_at	Info	Csdc2	cold shock domain containing C2, RNA binding
554	0.0003687	0.03	471.97	622.88	0.76	1456226_x_at	Info	Ddr1	discoidin domain receptor family, member 1
555	0.0003706	0.0301	469.07	365.37	1.28	1432464_a_at	Info	2310057J16Rik	RIKEN cDNA 2310057J16 gene
556	0.0003708	0.0301	105.63	80.73	1.31	1424797_a_at	Info	Pitx2	paired-like homeodomain transcription factor 2
557	0.000373	0.0302	54.02	78.04	0.69	1429909_at	Info	2600010E01Rik	RIKEN cDNA 2600010E01 gene
558	0.0003734	0.0302	1618.52	2126.7	0.76	1419398_a_at	Info	Reep5	receptor accessory protein 5
559	0.0003752	0.0302	46.28	67.65	0.68	1441187_at	Info	E330037M01Rik	RIKEN cDNA E330037M01 gene
560	0.0003756	0.0302	445.95	342.94	1.3	1429089_s_at	Info	2900026A02Rik	RIKEN cDNA 2900026A02 gene
561	0.0003804	0.0306	203.76	146.48	1.39	1430660_at	Info	1500004A13Rik	RIKEN cDNA 1500004A13 gene
562	0.0003833	0.0307	260.24	198.83	1.31	1450464_at	Info	E4f1	E4F transcription factor 1
563	0.0003837	0.0307	352.07	265.43	1.33	1449662_at	Info	Reep1	receptor accessory protein 1
564	0.0003855	0.0308	647.81	482.43	1.34	1417928_at	Info	Pdlim4	PDZ and LIM domain 4
565	0.0003973	0.0317	22.17	33.19	0.67	1420573_at	Info	Hoxd1	homeo box D1
566	0.0003981	0.0317	275.2	201.69	1.36	1427974_s_at	Info	Cacna1d	calcium channel, voltage-dependent, L type, alpha 1D subunit
567	0.0003998	0.0317	44.44	59.69	0.74	1420943_at	Info	Zfp185	zinc finger protein 185
568	0.0004001	0.0317	300.16	392.97	0.76	1451210_at	Info	Ppap2c	phosphatidic acid phosphatase type 2c
569	0.0004005	0.0317	542.23	713.39	0.76	1419494_a_at	Info	Tpd52	tumor protein D52
570	0.0004036	0.0319	103.54	77.53	1.34	1457884_at	Info	4732496C06Rik	RIKEN cDNA 4732496C06 gene
571	0.0004065	0.032	390.8	291.01	1.34	1453002_at	Info	Sox11	SRY-box containing gene 11
572	0.0004065	0.032	11.52	17.29	0.67	1446657_at	Info	NA	NA
573	0.0004066	0.032	237.25	180.52	1.31	1418966_a_at	Info	Dcbld1	discoidin, CUB and LCCL domain containing 1
574	0.0004077	0.032	28.32	36.94	0.77	1441158_at	Info	NA	NA
575	0.0004089	0.0321	1220.16	942.71	1.29	1426024_a_at	Info	Dbn1	drebrin 1
576	0.0004134	0.0324	428.22	327.41	1.31	1451105_at	Info	Vash2	vasohibin 2
577	0.0004161	0.0325	31.54	48.29	0.65	1460159_at	Info	Mysm1	myb-like, SWIRM and MPN domains 1
578	0.0004189	0.0326	385.75	497.33	0.78	1455687_at	Info	Ick	intestinal cell kinase
579	0.0004203	0.0326	324.62	244.48	1.33	1419581_at	Info	Dlg4	discs, large homolog 4 (Drosophila)
580	0.0004209	0.0326	1010.59	1298.29	0.78	1428288_at	Info	2310051E17Rik	RIKEN cDNA 2310051E17 gene
581	0.0004209	0.0326	93.36	126.28	0.74	1448031_at	Info	Gnao1	guanine nucleotide binding protein, alpha O
582	0.0004211	0.0326	38.24	29.88	1.28	1441886_at	Info	Ccdc79	coiled-coil domain containing 79
583	0.0004227	0.0327	36.38	48.26	0.75	1437937_at	Info	Ccbp2	chemokine binding protein 2
584	0.0004271	0.033	66.62	105.57	0.63	1456463_at	Info	A230106M20Rik	RIKEN cDNA A230106M20 gene
585	0.0004314	0.0332	801.81	1022.79	0.78	1455826_a_at	Info	Bace1	beta-site APP cleaving enzyme 1
586	0.0004326	0.0332	95.38	121.08	0.79	1419905_s_at	Info	Hpgd	hydroxyprostaglandin dehydrogenase 15 (NAD)
587	0.0004331	0.0332	188.55	240.19	0.79	1418071_s_at	Info	Cdyl	chromodomain protein, Y chromosome-like
588	0.0004333	0.0332	158.96	274.89	0.58	1448623_at	Info	Tmem123	transmembrane protein 123
589	0.0004344	0.0333	210.31	147.77	1.42	1445576_at	Info	Rsph10b2	radial spoke head 10 homolog B (Chlamydomonas)
590	0.0004361	0.0333	77.44	112.99	0.69	1437933_at	Info	Hhip	Hedgehog-interacting protein
591	0.0004463	0.034	1183.74	1586.81	0.75	1435745_at	Info	5031439G07Rik	RIKEN cDNA 5031439G07 gene
592	0.0004464	0.034	372.87	285.86	1.3	1456632_at	Info	Bcl11a	B-cell CLL/lymphoma 11A (zinc finger protein)
593	0.0004476	0.034	582.71	794.28	0.73	1438169_a_at	Info	Frmd4b	FERM domain containing 4B
594	0.0004497	0.0341	308.42	397.59	0.78	1457270_at	Info	Gas7	growth arrest specific 7
595	0.00045	0.0341	387.3	278.42	1.39	1443898_at	Info	Bcl7c	B-cell CLL/lymphoma 7C
596	0.0004524	0.0342	200.19	268.95	0.74	1456389_at	Info	Zeb2	zinc finger E-box binding homeobox 2
597	0.000456	0.0344	90.42	124.98	0.72	1431972_a_at	Info	Gcap14	granule cell antiserum positive 14
598	0.0004573	0.0345	46.78	64.69	0.72	1448814_at	Info	Gab1	growth factor receptor bound protein 2-associated protein 1
599	0.0004587	0.0345	239.24	170.62	1.4	1451117_a_at	Info	Tom1l1	target of myb1-like 1 (chicken)
600	0.0004604	0.0345	241.14	325.59	0.74	1424822_at	Info	Slain1	SLAIN motif family, member 1
601	0.0004611	0.0345	128.32	176.58	0.73	1448939_at	Info	Usp25	ubiquitin specific peptidase 25
602	0.0004619	0.0345	71.24	111.51	0.64	1418070_at	Info	Cdyl	chromodomain protein, Y chromosome-like
603	0.0004622	0.0345	41.79	26.73	1.56	1421539_at	Info	Zic4	zinc finger protein of the cerebellum 4
604	0.0004623	0.0345	1710.95	1321.63	1.29	1435743_at	Info	Klhl23	kelch-like 23 (Drosophila)
605	0.0004651	0.0347	142.38	190.3	0.75	1452759_s_at	Info	Ppfibp1	PTPRF interacting protein, binding protein 1 (liprin beta 1)
606	0.0004659	0.0347	625.34	476.92	1.31	1416268_at	Info	Ets2	E26 avian leukemia oncogene 2, 3' domain
607	0.0004679	0.0347	21.74	29.93	0.73	1419480_at	Info	Sell	selectin, lymphocyte
608	0.0004681	0.0347	56.4	42.82	1.32	1445122_at	Info	A830082N09Rik	RIKEN cDNA A830082N09 gene
609	0.0004699	0.0348	252.13	351.36	0.72	1438360_x_at	Info	Slc25a5	solute carrier family 25 (mitochondrial carrier, adenine nucleotide translocator), member 5
610	0.0004712	0.0348	57.85	44.4	1.3	1427126_at	Info	Hspa1b	heat shock protein 1B
611	0.0004719	0.0348	171.24	223.98	0.76	1439968_x_at	Info	Dbndd2	dysbindin (dystrobrevin binding protein 1) domain containing 2
612	0.0004728	0.0348	24.36	34.72	0.7	1431276_at	Info	9130019P16Rik	RIKEN cDNA 9130019P16 gene
613	0.0004763	0.035	88.94	128.55	0.69	1422526_at	Info	Acsl1	acyl-CoA synthetase long-chain family member 1
614	0.0004796	0.0352	305.1	226.13	1.35	1427450_x_at	Info	Myo1b	myosin IB
615	0.0004899	0.0359	81.64	106.69	0.77	1456020_at	Info	Sh3tc2	SH3 domain and tetratricopeptide repeats 2
616	0.0004925	0.0361	41.14	52.74	0.78	1427436_at	Info	Six2	sine oculis-related homeobox 2 homolog (Drosophila)
617	0.0004934	0.0361	355.96	460.07	0.77	1427677_a_at	Info	Sox6	SRY-box containing gene 6
618	0.0005009	0.0365	1084.81	1427.27	0.76	1450646_at	Info	Cyp51	cytochrome P450, family 51
619	0.0005014	0.0365	751.93	574.83	1.31	1448250_at	Info	9030425E11Rik	RIKEN cDNA 9030425E11 gene
620	0.000502	0.0365	34.11	45.8	0.74	1419806_at	Info	Hdlbp	high density lipoprotein (HDL) binding protein
621	0.0005067	0.0368	487.29	666.39	0.73	1422879_at	Info	Sypl	synaptophysin-like protein
622	0.0005092	0.0369	1007.09	1280.48	0.79	1438001_x_at	Info	Reep5	receptor accessory protein 5
623	0.0005137	0.0372	71.94	52.91	1.36	1430729_at	Info	Myg1	melanocyte proliferating gene 1
624	0.0005145	0.0372	17.86	22.83	0.78	1460118_at	Info	NA	NA
625	0.000517	0.0373	388.04	301.84	1.29	1426550_at	Info	Sidt1	SID1 transmembrane family, member 1
626	0.0005177	0.0373	52.19	67.44	0.77	1427696_at	Info	Fech	ferrochelatase
627	0.0005238	0.0377	84.84	134	0.63	1452303_at	Info	Arhgef10	Rho guanine nucleotide exchange factor (GEF) 10
628	0.0005264	0.0378	1352.84	1729.29	0.78	1428579_at	Info	Fmnl2	formin-like 2
629	0.0005284	0.0379	115.76	80.16	1.44	1416981_at	Info	Foxo1	forkhead box O1
630	0.0005295	0.0379	522.66	774.35	0.67	1417946_at	Info	Abhd3	abhydrolase domain containing 3
631	0.0005296	0.0379	345.52	450.45	0.77	1455724_at	Info	Prrg1	proline rich Gla (G-carboxyglutamic acid) 1
632	0.0005359	0.0382	57.61	78.3	0.74	1435615_at	Info	Zfp365	zinc finger protein 365
633	0.0005387	0.0383	704.21	926.19	0.76	1422809_at	Info	Rims2	regulating synaptic membrane exocytosis 2
634	0.0005388	0.0383	4334.34	3203.66	1.35	1426758_s_at	Info	Meg3	maternally expressed 3
635	0.0005394	0.0383	121.9	162.32	0.75	1426315_a_at	Info	6330416G13Rik	RIKEN cDNA 6330416G13 gene
636	0.0005409	0.0384	18.5	14.38	1.29	1425574_at	Info	Epha3	Eph receptor A3
637	0.0005419	0.0384	21.74	28.21	0.77	1419226_at	Info	Cd96	CD96 antigen
638	0.0005438	0.0384	115.36	150.22	0.77	1434997_at	Info	Cdc2l6	cell division cycle 2-like 6 (CDK8-like)
639	0.0005452	0.0384	407.42	321	1.27	1426422_at	Info	Cc2d1a	coiled-coil and C2 domain containing 1A
640	0.0005454	0.0384	11.77	15.07	0.78	1440761_at	Info	4833422C13Rik	RIKEN cDNA 4833422C13 gene
641	0.0005489	0.0386	104.3	73.16	1.43	1428960_at	Info	4933434I06Rik	RIKEN cDNA 4933434I06 gene
642	0.0005525	0.0388	1625	1137.38	1.43	1418606_at	Info	Hoxd10	homeo box D10
643	0.0005538	0.0388	546.42	727.76	0.75	1424780_a_at	Info	Reep3	receptor accessory protein 3
644	0.0005575	0.039	1875.44	2513.11	0.75	1438651_a_at	Info	Aplnr	apelin receptor
645	0.0005582	0.039	777.45	588.4	1.32	1431339_a_at	Info	Efhd2	EF hand domain containing 2
646	0.000563	0.0393	50.64	38.71	1.31	1421340_at	Info	Map3k5	mitogen-activated protein kinase kinase kinase 5
647	0.0005668	0.0395	17.08	23.77	0.72	1440560_at	Info	NA	NA
648	0.0005758	0.04	366.09	281.6	1.3	1421140_a_at	Info	Foxp1	forkhead box P1
649	0.0005761	0.04	395.37	510.28	0.77	1435246_at	Info	Paqr8	progestin and adipoQ receptor family member VIII
650	0.0005775	0.04	508.49	678.98	0.75	1433754_at	Info	Mbnl2	muscleblind-like 2
651	0.0005777	0.04	13.41	18.88	0.71	1418993_s_at	Info	F10	coagulation factor X
652	0.0005787	0.04	183.86	143	1.29	1457342_at	Info	Ikzf4	IKAROS family zinc finger 4
653	0.0005805	0.0401	10.9	18.33	0.59	1435058_x_at	Info	Stxbp3a	syntaxin binding protein 3A
654	0.0005808	0.0401	77.29	52.32	1.48	1454334_at	Info	Zfp711	zinc finger protein 711
655	0.0005846	0.0403	36.22	55.57	0.65	1448747_at	Info	Fbxo32	F-box protein 32
656	0.0005864	0.0403	1605.01	2138.26	0.75	1429318_a_at	Info	Qk	quaking
657	0.0005899	0.0405	60.4	84.59	0.71	1418687_at	Info	Arc	activity regulated cytoskeletal-associated protein
658	0.0005977	0.041	59.12	104.79	0.56	1434463_at	Info	Bfsp2	beaded filament structural protein 2, phakinin
659	0.0006169	0.0422	91.9	133.6	0.69	1438579_at	Info	Utp14b	UTP14, U3 small nucleolar ribonucleoprotein, homolog B (yeast)
660	0.0006176	0.0422	856.06	680.67	1.26	1434581_at	Info	2410066E13Rik	RIKEN cDNA 2410066E13 gene
661	0.0006178	0.0422	1355.31	1766	0.77	1426530_a_at	Info	Klhl5	kelch-like 5 (Drosophila)
662	0.0006191	0.0422	30.73	40.78	0.75	1436793_at	Info	St18	suppression of tumorigenicity 18
663	0.0006268	0.0426	390.72	307.99	1.27	1436599_at	Info	NA	NA
664	0.0006272	0.0426	507.88	687.64	0.74	1428167_a_at	Info	Mpzl1	myelin protein zero-like 1
665	0.0006279	0.0426	20.71	31.44	0.66	1437262_x_at	Info	Bcas2	breast carcinoma amplified sequence 2
666	0.0006285	0.0426	726.55	1049.45	0.69	1434624_x_at	Info	Rps9	ribosomal protein S9
667	0.0006308	0.0427	17.76	11.85	1.5	1449049_at	Info	Tlr1	toll-like receptor 1
668	0.0006327	0.0427	1077.46	1371.52	0.79	1426245_s_at	Info	Mapre2	microtubule-associated protein, RP/EB family, member 2
669	0.0006346	0.0428	90.61	71.31	1.27	1457424_at	Info	Eya1	eyes absent 1 homolog (Drosophila)
670	0.0006362	0.0428	214.31	305.52	0.7	1437113_s_at	Info	Pld1	phospholipase D1
671	0.0006387	0.0429	422.03	319.25	1.32	1456399_at	Info	AI842136	expressed sequence AI842136
672	0.0006403	0.043	70.61	106.31	0.66	1423306_at	Info	2010002N04Rik	RIKEN cDNA 2010002N04 gene
673	0.0006412	0.043	59.35	41.85	1.42	1432410_a_at	Info	Bmp7	bone morphogenetic protein 7
674	0.0006425	0.043	197.06	145.7	1.35	1457741_at	Info	NA	NA
675	0.000644	0.043	383.89	243.74	1.57	1427321_s_at	Info	Cxadr	coxsackievirus and adenovirus receptor
676	0.0006448	0.043	1501.58	1892.09	0.79	1423346_at	Info	Degs1	degenerative spermatocyte homolog 1 (Drosophila)
677	0.0006463	0.043	3478.41	2626.62	1.32	1452114_s_at	Info	Igfbp5	insulin-like growth factor binding protein 5
678	0.0006466	0.043	559.48	730.97	0.77	1454607_s_at	Info	Psat1	phosphoserine aminotransferase 1
679	0.0006492	0.0431	227.61	172.24	1.32	1421124_at	Info	Cdk5r1	cyclin-dependent kinase 5, regulatory subunit 1 (p35)
680	0.0006515	0.0432	175.93	131.1	1.34	1421958_at	Info	L1cam	L1 cell adhesion molecule
681	0.0006518	0.0432	112.19	85.98	1.3	1456521_at	Info	NA	NA
682	0.0006525	0.0432	511.01	374.42	1.36	1455416_at	Info	C130021I20Rik	Riken cDNA C130021I20 gene
683	0.0006566	0.0434	48.35	64.59	0.75	1450733_at	Info	Bicd2	bicaudal D homolog 2 (Drosophila)
684	0.0006581	0.0434	222.9	285.9	0.78	1456068_at	Info	Nfasc	neurofascin
685	0.0006595	0.0434	28.88	39.3	0.73	1437554_at	Info	Plec1	plectin 1
686	0.0006619	0.0435	955.75	692.11	1.38	1419584_at	Info	Ttc28	tetratricopeptide repeat domain 28
687	0.0006655	0.0437	100.1	145.79	0.69	1422587_at	Info	Tmem45a	transmembrane protein 45a
688	0.0006701	0.0439	69.54	101.27	0.69	1425263_a_at	Info	Mbp	myelin basic protein
689	0.0006749	0.0442	191.19	137.8	1.39	1423340_at	Info	Tcfap2b	transcription factor AP-2 beta
690	0.0006781	0.0443	310.47	392.57	0.79	1455392_at	Info	Prr18	proline rich region 18
691	0.0006787	0.0443	96.89	75.74	1.28	1452963_at	Info	9530077C05Rik	RIKEN cDNA 9530077C05 gene
692	0.0006799	0.0443	37.41	26.76	1.4	1446730_at	Info	NA	NA
693	0.0006897	0.0449	84.87	108.32	0.78	1425304_s_at	Info	Prima1	proline rich membrane anchor 1
694	0.0007011	0.0456	338.55	444.87	0.76	1460235_at	Info	Scarb2	scavenger receptor class B, member 2
695	0.0007049	0.0457	1508.31	1180.58	1.28	1434969_at	Info	Brunol5	bruno-like 5, RNA binding protein (Drosophila)
696	0.0007054	0.0457	333.78	237.16	1.41	1417130_s_at	Info	Angptl4	angiopoietin-like 4
697	0.0007083	0.0458	96.08	71.16	1.35	1422890_at	Info	Pcdh18	protocadherin 18
698	0.0007099	0.0459	314.68	428.79	0.73	1436458_at	Info	Sema6a	sema domain, transmembrane domain (TM), and cytoplasmic domain, (semaphorin) 6A
699	0.0007126	0.046	140.84	112.32	1.25	1436514_at	Info	Gpc4	glypican 4
700	0.0007167	0.0462	695.32	887.73	0.78	1428624_at	Info	2810482I07Rik	RIKEN cDNA 2810482I07 gene
701	0.0007194	0.0463	195.26	255.35	0.76	1456943_a_at	Info	Dbndd2	dysbindin (dystrobrevin binding protein 1) domain containing 2
702	0.000723	0.0465	103.7	137.82	0.75	1449127_at	Info	Selplg	selectin, platelet (p-selectin) ligand
703	0.000726	0.0466	946.22	1214.14	0.78	1425811_a_at	Info	Csrp1	cysteine and glycine-rich protein 1
704	0.0007294	0.0467	489.5	368.67	1.33	1438822_at	Info	100041799	predicted gene, 100041799
705	0.0007307	0.0467	68.51	98.52	0.7	1433492_at	Info	Epb4.1l2	erythrocyte protein band 4.1-like 2
706	0.0007321	0.0468	75.15	101.82	0.74	1446772_at	Info	NA	NA
707	0.0007369	0.047	230.69	292.8	0.79	1426631_at	Info	Pus7	pseudouridylate synthase 7 homolog (S. cerevisiae)
708	0.0007375	0.047	289.78	395.96	0.73	1426371_at	Info	Far1	fatty acyl CoA reductase 1
709	0.0007438	0.0473	38.67	65.47	0.59	1438331_at	Info	NA	NA
710	0.0007501	0.0476	1016.02	1351.89	0.75	1418010_a_at	Info	Sh3glb1	SH3-domain GRB2-like B1 (endophilin)
711	0.0007508	0.0476	254.76	191.28	1.33	1456557_at	Info	1700041C02Rik	RIKEN cDNA 1700041C02 gene
712	0.0007519	0.0476	1228.93	955.86	1.29	1424638_at	Info	Cdkn1a	cyclin-dependent kinase inhibitor 1A (P21)
713	0.0007533	0.0476	436.5	347.21	1.26	1439777_at	Info	Cugbp2	CUG triplet repeat, RNA binding protein 2
714	0.0007535	0.0476	496.72	384.55	1.29	1417804_at	Info	Rasgrp2	RAS, guanyl releasing protein 2
715	0.0007547	0.0476	974.59	771.99	1.26	1426465_at	Info	Dlgap4	discs, large homolog-associated protein 4 (Drosophila)
716	0.0007579	0.0477	112.28	87.97	1.28	1444517_at	Info	NA	NA
717	0.0007593	0.0478	928.89	674.09	1.38	1419126_at	Info	Hoxd9	homeo box D9
718	0.0007607	0.0478	26.11	19.89	1.31	1458565_at	Info	Arl2	ADP-ribosylation factor-like 2
719	0.0007661	0.0481	77.32	106.87	0.72	1427122_at	Info	Copg2as2	coatomer protein complex, subunit gamma 2, antisense 2
720	0.0007735	0.0484	255.9	195.68	1.31	1457118_at	Info	Eid1	EP300 interacting inhibitor of differentiation 1
721	0.0007746	0.0484	376.5	295.36	1.27	1420667_at	Info	Doc2b	double C2, beta
722	0.0007753	0.0484	54.84	68.61	0.8	1417859_at	Info	Gas7	growth arrest specific 7
723	0.0007776	0.0485	189.36	247.01	0.77	1433571_at	Info	Serinc5	serine incorporator 5
724	0.0007804	0.0486	117.33	89.88	1.31	1441069_at	Info	Zdhhc23	zinc finger, DHHC domain containing 23
725	0.0007836	0.0487	24.37	18.8	1.3	1437477_at	Info	Lrrfip1	leucine rich repeat (in FLII) interacting protein 1
726	0.0007853	0.0488	194.29	154.32	1.26	1437473_at	Info	Maf	avian musculoaponeurotic fibrosarcoma (v-maf) AS42 oncogene homolog
727	0.0007866	0.0488	225.63	177.95	1.27	1436059_at	Info	Rfx1	regulatory factor X, 1 (influences HLA class II expression)
728	0.0007884	0.0488	159.11	126.79	1.25	1422869_at	Info	Mertk	c-mer proto-oncogene tyrosine kinase
729	0.0007907	0.0489	177.02	277.39	0.64	1420941_at	Info	Rgs5	regulator of G-protein signaling 5
730	0.0007933	0.049	96.67	135.79	0.71	1424573_at	Info	Tmed5	transmembrane emp24 protein transport domain containing 5
731	0.0007998	0.0493	298.23	390.88	0.76	1435616_at	Info	Cyp20a1	cytochrome P450, family 20, subfamily A, polypeptide 1
732	0.0008016	0.0494	16.14	22.71	0.71	1418868_at	Info	En2	engrailed 2
733	0.0008025	0.0494	4065.59	5411.6	0.75	1426508_at	Info	Gfap	glial fibrillary acidic protein
734	0.0008039	0.0494	97.61	134.85	0.72	1448377_at	Info	Slpi	secretory leukocyte peptidase inhibitor
735	0.0008059	0.0495	843.86	632.75	1.33	1449109_at	Info	Socs2	suppressor of cytokine signaling 2
736	0.0008073	0.0495	359.57	280.06	1.28	1437386_at	Info	Lingo1	leucine rich repeat and Ig domain containing 1
737	0.0008108	0.0496	80.43	60.87	1.32	1459098_at	Info	NA	NA
738	0.0008121	0.0496	631.12	502.32	1.26	1422158_at	Info	Clstn2	calsyntenin 2
739	0.0008125	0.0496	206.89	153.75	1.35	1426889_at	Info	Zfp821	zinc finger protein 821
740	0.0008134	0.0496	1449.2	1148.39	1.26	1417524_at	Info	Cnih2	cornichon homolog 2 (Drosophila)
741	0.0008217	0.05	874.53	663.21	1.32	1417848_at	Info	Zfp704	zinc finger protein 704
742	0.0008219	0.05	50.54	31.59	1.6	1431057_a_at	Info	Prss23	protease, serine, 23
743	0.0008292	0.0503	39.19	54.28	0.72	1458550_at	Info	Myo1d	myosin ID
744	0.0008303	0.0503	44.64	60.08	0.74	1429913_at	Info	Kcnk16	potassium channel, subfamily K, member 16
745	0.0008315	0.0503	463.02	360	1.29	1423689_a_at	Info	Gpsm1	G-protein signalling modulator 1 (AGS3-like, C. elegans)
746	0.0008337	0.0504	35.06	47.68	0.74	1456563_at	Info	4933429F08Rik	RIKEN cDNA 4933429F08 gene
747	0.0008405	0.0507	1012.06	799.65	1.27	1431751_a_at	Info	Mpped2	metallophosphoesterase domain containing 2
748	0.0008423	0.0508	198.25	252.25	0.79	1437174_at	Info	Tfdp2	transcription factor Dp 2
749	0.0008477	0.051	87.86	112.31	0.78	1418425_at	Info	Sp7	Sp7 transcription factor 7
750	0.000849	0.0511	51.75	38.11	1.36	1431029_at	Info	Ttll9	tubulin tyrosine ligase-like family, member 9
751	0.0008506	0.0511	342.71	255.6	1.34	1430064_at	Info	Ttll11	tubulin tyrosine ligase-like family, member 11
752	0.0008535	0.0512	437.02	570.95	0.77	1418854_at	Info	Birc2	baculoviral IAP repeat-containing 2
753	0.0008556	0.0512	25.24	31.71	0.8	1460531_at	Info	2900069M18Rik	RIKEN cDNA 2900069M18 gene
754	0.0008584	0.0513	1172.62	1502.13	0.78	1455089_at	Info	Gng12	guanine nucleotide binding protein (G protein), gamma 12
755	0.0008631	0.0515	988.82	791.68	1.25	1460666_a_at	Info	Ebf3	early B-cell factor 3
756	0.0008634	0.0515	33.54	24.21	1.39	1439635_at	Info	Rgs9	regulator of G-protein signaling 9
757	0.0008656	0.0516	81.41	120.95	0.67	1424833_at	Info	Itpr2	inositol 1,4,5-triphosphate receptor 2
758	0.0008709	0.0518	86.93	172.64	0.5	1439483_at	Info	AI506816	expressed sequence AI506816
759	0.0008726	0.0519	258.39	184.35	1.4	1435676_at	Info	Cep164	centrosomal protein 164
760	0.0008766	0.052	142.69	111.09	1.28	1450082_s_at	Info	Etv5	ets variant gene 5
761	0.0008788	0.0521	250.08	187.07	1.34	1437400_at	Info	Nedd4l	neural precursor cell expressed, developmentally down-regulated gene 4-like
762	0.0008809	0.0521	80.7	110.95	0.73	1424671_at	Info	Plekhf1	pleckstrin homology domain containing, family F (with FYVE domain) member 1
763	0.0008849	0.0522	976.06	1220.47	0.8	1416165_at	Info	Rab31	RAB31, member RAS oncogene family
764	0.000885	0.0522	5972.58	7468.99	0.8	1434731_x_at	Info	Prdx1	peroxiredoxin 1
765	0.0008891	0.0524	25.96	35.44	0.73	1427833_at	Info	Spi16	serine protease inhibitor 16
766	0.0008899	0.0524	298.36	389.31	0.77	1424467_at	Info	Phldb1	pleckstrin homology-like domain, family B, member 1
767	0.0008933	0.0525	171.99	225.28	0.76	1426809_at	Info	C430004E15Rik	RIKEN cDNA C430004E15 gene
768	0.0008941	0.0525	89.78	67.52	1.33	1442924_at	Info	NA	NA
769	0.0008958	0.0525	11.52	15.02	0.77	1421587_at	Info	Klk1b27	kallikrein 1-related peptidase b27
770	0.0008965	0.0525	54.93	70.95	0.77	1445024_at	Info	Stard7	START domain containing 7
771	0.0008985	0.0526	256.63	317.48	0.81	1419459_a_at	Info	Magt1	magnesium transporter 1
772	0.0009025	0.0527	635.99	499.34	1.27	1452966_at	Info	Bcl11b	B-cell leukemia/lymphoma 11B
773	0.0009046	0.0528	54.62	37.91	1.44	1444372_at	Info	NA	NA
774	0.0009062	0.0528	238.08	305.86	0.78	1422827_x_at	Info	Slc35a2	solute carrier family 35 (UDP-galactose transporter), member A2
775	0.0009141	0.053	215.96	167.95	1.29	1432478_a_at	Info	Rnf19b	ring finger protein 19B
776	0.0009145	0.053	703.17	565.42	1.24	1423544_at	Info	Ptpn5	protein tyrosine phosphatase, non-receptor type 5
777	0.0009155	0.053	536.31	359.64	1.49	1424730_a_at	Info	Slc15a2	solute carrier family 15 (H+/peptide transporter), member 2
778	0.0009169	0.053	276.07	218.96	1.26	1434900_at	Info	Mkl1	MKL (megakaryoblastic leukemia)/myocardin-like 1
779	0.0009169	0.053	65.28	49.48	1.32	1433320_at	Info	4930519N06Rik	RIKEN cDNA 4930519N06 gene
780	0.0009172	0.053	2594.82	3261.84	0.8	1417465_at	Info	Fnta	farnesyltransferase, CAAX box, alpha
781	0.0009177	0.053	40.83	81.67	0.5	1435854_at	Info	Opalin	oligodendrocytic myelin paranodal and inner loop protein
782	0.0009191	0.053	1403.95	1055.66	1.33	1416410_at	Info	Pafah1b3	platelet-activating factor acetylhydrolase, isoform 1b, alpha1 subunit
783	0.0009203	0.053	101.25	137.18	0.74	1417952_at	Info	Cyp2j6	cytochrome P450, family 2, subfamily j, polypeptide 6
784	0.0009258	0.0532	18.66	14.61	1.28	1418811_at	Info	Barhl1	BarH-like 1 (Drosophila)
785	0.0009262	0.0532	1673.24	2297.43	0.73	1437689_x_at	Info	Clu	clusterin
786	0.0009277	0.0532	18.48	23.83	0.78	1420725_at	Info	Tmlhe	trimethyllysine hydroxylase, epsilon
787	0.0009281	0.0532	180.49	133.61	1.35	1440361_at	Info	OTTMUSG00000006514	predicted gene, OTTMUSG00000006514
788	0.0009328	0.0533	452.2	364.71	1.24	1417577_at	Info	Trpc3	transient receptor potential cation channel, subfamily C, member 3
789	0.000933	0.0533	383.6	300.55	1.28	1456795_at	Info	D330027G24Rik	RIKEN cDNA D330027G24 gene
790	0.000935	0.0534	19.27	25.89	0.74	1443704_at	Info	NA	NA
791	0.0009368	0.0534	329.34	250.88	1.31	1435455_at	Info	C79267	expressed sequence C79267
792	0.000944	0.0537	651.18	496.34	1.31	1437284_at	Info	Fzd1	frizzled homolog 1 (Drosophila)
793	0.0009446	0.0537	68.45	89.73	0.76	1441917_s_at	Info	Tmem40	transmembrane protein 40
794	0.0009461	0.0537	43.79	54.23	0.81	1438600_at	Info	EG624855	predicted gene, EG624855
795	0.0009482	0.0538	20.66	14.34	1.44	1421341_at	Info	Axin2	axin2
796	0.0009497	0.0538	12.42	15.5	0.8	1459079_at	Info	NA	NA
797	0.000952	0.0538	227.53	170.11	1.34	1423285_at	Info	Coch	coagulation factor C homolog (Limulus polyphemus)
798	0.0009536	0.0538	116.99	93.08	1.26	1452796_at	Info	Def6	differentially expressed in FDCP 6
799	0.0009549	0.0538	176.68	138.05	1.28	1416572_at	Info	Mmp14	matrix metallopeptidase 14 (membrane-inserted)
800	0.0009557	0.0538	140.74	187.99	0.75	1427146_at	Info	AI790298	expressed sequence AI790298
801	0.0009563	0.0538	368.01	486.78	0.76	1456032_x_at	Info	H2afz	H2A histone family, member Z
802	0.0009588	0.0539	76.57	60.14	1.27	1423089_at	Info	Tmod3	tropomodulin 3
803	0.0009599	0.0539	858.01	1119.9	0.77	1420493_a_at	Info	Pcyt2	phosphate cytidylyltransferase 2, ethanolamine
804	0.0009636	0.0541	82.86	114.39	0.72	1455250_at	Info	Sh3bp4	SH3-domain binding protein 4
805	0.000972	0.0545	2715.67	2074.33	1.31	1417050_at	Info	C1qtnf4	C1q and tumor necrosis factor related protein 4
806	0.0009758	0.0546	4705.63	3661.34	1.29	1415877_at	Info	Dpysl3	dihydropyrimidinase-like 3
807	0.0009934	0.0555	23.14	18.21	1.27	1442596_at	Info	Klhdc2	kelch domain containing 2
808	0.0009971	0.0556	1861.35	2339.64	0.8	1417404_at	Info	Elovl6	ELOVL family member 6, elongation of long chain fatty acids (yeast)
809	0.0009984	0.0556	317.42	235.19	1.35	1458500_at	Info	AU021034	expressed sequence AU021034
810	0.0009991	0.0556	9.3	7.45	1.25	1453245_at	Info	9130024F11Rik	RIKEN cDNA 9130024F11 gene
811	0.0009992	0.0556	414.53	528.11	0.78	1457024_x_at	Info	Slc35a2	solute carrier family 35 (UDP-galactose transporter), member A2

